,LBJ_Q,LBJ_Q_filled,LBJ_Q_combined,SSY_meas,SSY_pred_pre,SSY_pred_post,SSY_pred_combined,SSY_combined
2014-03-03,252.0,519.8266918449215,252.0,0.06054157400640394,0.4112889946680148,0.0,0.4112889946680148,0.06054157400640394
2014-03-04,0.0,0.0,0.0,0.0,0.0,0.0,0.0,0.0
2014-03-05,0.0,0.0,0.0,0.0,0.0,0.0,0.0,0.0
2014-03-06,4143.0,3885.586887982321,4143.0,0.0,18.97125777280273,0.0,18.97125777280273,18.97125777280273
2014-03-07,0.0,0.0,0.0,0.0,0.0,0.0,0.0,0.0
2014-03-08,0.0,0.0,0.0,0.0,0.0,0.0,0.0,0.0
2014-03-09,0.0,0.0,0.0,0.0,0.0,0.0,0.0,0.0
2014-03-10,0.0,0.0,0.0,0.0,0.0,0.0,0.0,0.0
2014-03-11,0.0,0.0,0.0,0.0,0.0,0.0,0.0,0.0
2014-03-12,0.0,0.0,0.0,0.0,0.0,0.0,0.0,0.0
2014-03-13,1083.0,745.1645352932994,1083.0,0.0,3.2062971669961344,0.0,3.2062971669961344,3.2062971669961344
2014-03-14,3083.0,3085.4288975892377,3083.0,0.0,11.375512381929413,0.0,11.375512381929413,11.375512381929413
2014-03-15,0.0,0.0,0.0,0.0,0.0,0.0,0.0,0.0
2014-03-16,0.0,0.0,0.0,0.0,0.0,0.0,0.0,0.0
2014-03-17,0.0,0.0,0.0,0.0,0.0,0.0,0.0,0.0
2014-03-18,0.0,0.0,0.0,0.0,0.0,0.0,0.0,0.0
2014-03-19,0.0,0.0,0.0,0.0,0.0,0.0,0.0,0.0
2014-03-20,0.0,0.0,0.0,0.0,0.0,0.0,0.0,0.0
2014-03-21,0.0,0.0,0.0,0.0,0.0,0.0,0.0,0.0
2014-03-22,0.0,0.0,0.0,0.0,0.0,0.0,0.0,0.0
2014-03-23,288.00000000000006,479.14069233340877,288.00000000000006,0.0,0.49639184703462697,0.0,0.49639184703462697,0.49639184703462697
2014-03-24,326.0,500.00530746751787,326.0,0.0,0.5910626265039692,0.0,0.5910626265039692,0.5910626265039692
2014-03-25,0.0,0.0,0.0,0.0,0.0,0.0,0.0,0.0
2014-03-26,0.0,0.0,0.0,0.0,0.0,0.0,0.0,0.0
2014-03-27,0.0,0.0,0.0,0.0,0.0,0.0,0.0,0.0
2014-03-28,496.0,489.57299990046334,496.0,0.0,1.0674303465014647,0.0,1.0674303465014647,1.0674303465014647
2014-03-29,0.0,0.0,0.0,0.0,0.0,0.0,0.0,0.0
2014-03-30,0.0,0.0,0.0,0.0,0.0,0.0,0.0,0.0
2014-03-31,0.0,0.0,0.0,0.0,0.0,0.0,0.0,0.0
2014-04-01,1601.9999999999998,557.3829990863178,1601.9999999999998,0.0,5.565250256681098,0.0,5.565250256681098,5.565250256681098
2014-04-02,0.0,0.0,0.0,0.0,0.0,0.0,0.0,0.0
2014-04-03,0.0,0.0,0.0,0.0,0.0,0.0,0.0,0.0
2014-04-04,0.0,0.0,0.0,0.0,0.0,0.0,0.0,0.0
2014-04-05,0.0,0.0,0.0,0.0,0.0,0.0,0.0,0.0
2014-04-06,4058.0,3269.7829665204977,4058.0,0.0,20.606132188859227,0.0,20.606132188859227,20.606132188859227
2014-04-07,0.0,0.0,0.0,0.0,0.0,0.0,0.0,0.0
2014-04-08,907.0,664.8357670269795,907.0,0.0,2.497611627707469,0.0,2.497611627707469,2.497611627707469
2014-04-09,451.0,610.5877676782959,451.0,0.0,0.9336071906768757,0.0,0.9336071906768757,0.9336071906768757
2014-04-10,0.0,0.0,0.0,0.0,0.0,0.0,0.0,0.0
2014-04-11,408.0,557.3829990863178,408.0,0.0,0.8107266508783342,0.0,0.8107266508783342,0.8107266508783342
2014-04-12,0.0,0.0,0.0,0.0,0.0,0.0,0.0,0.0
2014-04-13,0.0,0.0,0.0,0.0,0.0,0.0,0.0,0.0
2014-04-14,0.0,0.0,0.0,0.0,0.0,0.0,0.0,0.0
2014-04-15,0.0,0.0,0.0,0.0,0.0,0.0,0.0,0.0
2014-04-16,851.0,468.70838476635424,851.0,0.0,2.283193865589546,0.0,2.283193865589546,2.283193865589546
2014-04-17,862.0,1057.3883065538357,862.0,0.0,1.7631368439583197,0.0,1.7631368439583197,1.7631368439583197
2014-04-18,1886.0,906.8653025826447,1886.0,0.0,7.003465602040558,0.0,7.003465602040558,7.003465602040558
2014-04-19,2002.0,1329.671534053959,2002.0,0.0,5.808958650202327,0.0,5.808958650202327,5.808958650202327
2014-04-20,0.0,0.0,0.0,0.0,0.0,0.0,0.0,0.0
2014-04-21,0.0,0.0,0.0,0.0,0.0,0.0,0.0,0.0
2014-04-22,0.0,0.0,0.0,0.0,0.0,0.0,0.0,0.0
2014-04-23,0.0,0.0,0.0,0.0,0.0,0.0,0.0,0.0
2014-04-24,0.0,0.0,0.0,0.0,0.0,0.0,0.0,0.0
2014-04-25,1886.0,880.7845336650084,1886.0,1.8137339235041052,7.003465602040558,0.0,7.003465602040558,1.8137339235041052
2014-04-26,451.0,610.5877676782959,451.0,0.28499928851707435,0.9336071906768757,0.0,0.9336071906768757,0.28499928851707435
2014-04-27,1206.0,719.0837663756631,1206.0,1.0920833808112265,3.7308171558514642,0.0,3.7308171558514642,1.0920833808112265
2014-04-28,2750.0,1758.737150065506,2750.0,2.918420863337746,7.959430970015652,0.0,7.959430970015652,2.918420863337746
2014-04-29,451.0,519.8266918449215,451.0,0.0,0.9336071906768757,0.0,0.9336071906768757,0.9336071906768757
2014-04-30,3691.9999999999995,3886.3323437334207,3691.9999999999995,0.0,18.037650582125853,0.0,18.037650582125853,18.037650582125853
2014-05-01,0.0,0.0,0.0,0.0,0.0,0.0,0.0,0.0
2014-05-02,0.0,0.0,0.0,0.0,0.0,0.0,0.0,0.0
2014-05-03,0.0,0.0,0.0,0.0,0.0,0.0,0.0,0.0
2014-05-04,0.0,0.0,0.0,0.0,0.0,0.0,0.0,0.0
2014-05-05,0.0,0.0,0.0,0.0,0.0,0.0,0.0,0.0
2014-05-06,0.0,0.0,0.0,0.0,0.0,0.0,0.0,0.0
2014-05-07,0.0,0.0,0.0,0.0,0.0,0.0,0.0,0.0
2014-05-08,0.0,0.0,0.0,0.0,0.0,0.0,0.0,0.0
2014-05-09,0.0,0.0,0.0,0.0,0.0,0.0,0.0,0.0
2014-05-10,0.0,0.0,0.0,0.0,0.0,0.0,0.0,0.0
2014-05-11,0.0,0.0,0.0,0.0,0.0,0.0,0.0,0.0
2014-05-12,0.0,0.0,0.0,0.0,0.0,0.0,0.0,0.0
2014-05-13,0.0,0.0,0.0,0.0,0.0,0.0,0.0,0.0
2014-05-14,0.0,0.0,0.0,0.0,0.0,0.0,0.0,0.0
2014-05-15,0.0,0.0,0.0,0.0,0.0,0.0,0.0,0.0
2014-05-16,0.0,0.0,0.0,0.0,0.0,0.0,0.0,0.0
2014-05-17,0.0,0.0,0.0,0.0,0.0,0.0,0.0,0.0
2014-05-18,0.0,0.0,0.0,0.0,0.0,0.0,0.0,0.0
2014-05-19,1998.0,1568.5713773395082,1998.0,5.584345603014149,6.501838964202229,0.0,6.501838964202229,5.584345603014149
2014-05-20,1334.0,826.5365343163248,1334.0,1.5560614781534086,4.300363490854655,0.0,4.300363490854655,1.5560614781534086
2014-05-21,0.0,0.0,0.0,0.0,0.0,0.0,0.0,0.0
2014-05-22,2340.0,1446.2156037993643,2340.0,10.542851098042323,9.489567825189825,0.0,9.489567825189825,10.542851098042323
2014-05-23,451.0,509.39438427786695,451.0,0.22629438182083253,0.9336071906768757,0.0,0.9336071906768757,0.22629438182083253
2014-05-24,0.0,0.0,0.0,0.0,0.0,0.0,0.0,0.0
2014-05-25,0.0,0.0,0.0,0.0,0.0,0.0,0.0,0.0
2014-05-26,366.0,489.57299990046334,366.0,0.5650682375738334,0.695706497456855,0.0,0.695706497456855,0.5650682375738334
2014-05-27,0.0,0.0,0.0,0.0,0.0,0.0,0.0,0.0
2014-05-28,0.0,0.0,0.0,0.0,0.0,0.0,0.0,0.0
2014-05-29,408.0,557.3829990863178,408.0,1.247503509022056,0.8107266508783342,0.0,0.8107266508783342,1.247503509022056
2014-05-30,0.0,0.0,0.0,0.0,0.0,0.0,0.0,0.0
2014-05-31,0.0,0.0,0.0,0.0,0.0,0.0,0.0,0.0
2014-06-01,0.0,0.0,0.0,0.0,0.0,0.0,0.0,0.0
2014-06-02,0.0,0.0,0.0,0.0,0.0,0.0,0.0,0.0
2014-06-03,252.0,500.00530746751787,252.0,0.2431060194397438,0.4112889946680148,0.0,0.4112889946680148,0.2431060194397438
2014-06-04,0.0,0.0,0.0,0.0,0.0,0.0,0.0,0.0
2014-06-05,1742.0,933.9893022569867,1742.0,10.223166889246729,6.262262876389737,0.0,6.262262876389737,10.223166889246729
2014-06-06,0.0,0.0,0.0,0.0,0.0,0.0,0.0,0.0
2014-06-07,0.0,0.0,0.0,0.0,0.0,0.0,0.0,0.0
2014-06-08,0.0,0.0,0.0,0.0,0.0,0.0,0.0,0.0
2014-06-09,0.0,0.0,0.0,0.0,0.0,0.0,0.0,0.0
2014-06-10,0.0,0.0,0.0,0.0,0.0,0.0,0.0,0.0
2014-06-11,0.0,0.0,0.0,0.0,0.0,0.0,0.0,0.0
2014-06-12,0.0,0.0,0.0,0.0,0.0,0.0,0.0,0.0
2014-06-13,0.0,0.0,0.0,0.0,0.0,0.0,0.0,0.0
2014-06-14,0.0,0.0,0.0,0.0,0.0,0.0,0.0,0.0
2014-06-15,0.0,0.0,0.0,0.0,0.0,0.0,0.0,0.0
2014-06-16,1822.0,1363.0549182685336,1822.0,8.144572848360195,5.731840485433498,0.0,5.731840485433498,8.144572848360195
2014-06-17,0.0,0.0,0.0,0.0,0.0,0.0,0.0,0.0
2014-06-18,0.0,0.0,0.0,0.0,0.0,0.0,0.0,0.0
2014-06-19,0.0,0.0,0.0,0.0,0.0,0.0,0.0,0.0
2014-06-20,0.0,0.0,0.0,0.0,0.0,0.0,0.0,0.0
2014-06-21,0.0,0.0,0.0,0.0,0.0,0.0,0.0,0.0
2014-06-22,0.0,0.0,0.0,0.0,0.0,0.0,0.0,0.0
2014-06-23,0.0,0.0,0.0,0.0,0.0,0.0,0.0,0.0
2014-06-24,0.0,0.0,0.0,0.0,0.0,0.0,0.0,0.0
2014-06-25,0.0,0.0,0.0,0.0,0.0,0.0,0.0,0.0
2014-06-26,0.0,0.0,0.0,0.0,0.0,0.0,0.0,0.0
2014-06-27,0.0,0.0,0.0,0.0,0.0,0.0,0.0,0.0
2014-06-28,0.0,0.0,0.0,0.0,0.0,0.0,0.0,0.0
2014-06-29,0.0,0.0,0.0,0.0,0.0,0.0,0.0,0.0
2014-06-30,0.0,0.0,0.0,0.0,0.0,0.0,0.0,0.0
2014-07-01,0.0,0.0,0.0,0.0,0.0,0.0,0.0,0.0
2014-07-02,2499.0,1311.638836184361,2499.0,0.0,10.41016586620464,0.0,10.41016586620464,10.41016586620464
2014-07-03,0.0,0.0,0.0,0.0,0.0,0.0,0.0,0.0
2014-07-04,0.0,0.0,0.0,0.0,0.0,0.0,0.0,0.0
2014-07-05,2825.0,2653.233589307574,2825.0,14.563649520228608,12.372560801440605,0.0,12.372560801440605,14.563649520228608
2014-07-06,1144.0000000000002,637.7117673526377,1144.0000000000002,3.4573051838702753,3.46354600475567,0.0,3.46354600475567,3.4573051838702753
2014-07-07,0.0,0.0,0.0,0.0,0.0,0.0,0.0,0.0
2014-07-08,0.0,0.0,0.0,0.0,0.0,0.0,0.0,0.0
2014-07-09,252.0,489.57299990046334,252.0,0.0,0.4112889946680148,0.0,0.4112889946680148,0.4112889946680148
2014-07-10,0.0,0.0,0.0,0.0,0.0,0.0,0.0,0.0
2014-07-11,0.0,0.0,0.0,0.0,0.0,0.0,0.0,0.0
2014-07-12,0.0,0.0,0.0,0.0,0.0,0.0,0.0,0.0
2014-07-13,0.0,0.0,0.0,0.0,0.0,0.0,0.0,0.0
2014-07-14,0.0,0.0,0.0,0.0,0.0,0.0,0.0,0.0
2014-07-15,0.0,0.0,0.0,0.0,0.0,0.0,0.0,0.0
2014-07-16,0.0,0.0,0.0,0.0,0.0,0.0,0.0,0.0
2014-07-17,0.0,0.0,0.0,0.0,0.0,0.0,0.0,0.0
2014-07-18,0.0,0.0,0.0,0.0,0.0,0.0,0.0,0.0
2014-07-19,0.0,0.0,0.0,0.0,0.0,0.0,0.0,0.0
2014-07-20,0.0,0.0,0.0,0.0,0.0,0.0,0.0,0.0
2014-07-21,0.0,0.0,0.0,0.0,0.0,0.0,0.0,0.0
2014-07-22,0.0,0.0,0.0,0.0,0.0,0.0,0.0,0.0
2014-07-23,0.0,0.0,0.0,0.0,0.0,0.0,0.0,0.0
2014-07-24,0.0,0.0,0.0,0.0,0.0,0.0,0.0,0.0
2014-07-25,0.0,0.0,0.0,0.0,0.0,0.0,0.0,0.0
2014-07-26,0.0,0.0,0.0,0.0,0.0,0.0,0.0,0.0
2014-07-27,288.00000000000006,468.70838476635424,288.00000000000006,0.0,0.49639184703462697,0.0,0.49639184703462697,0.49639184703462697
2014-07-28,0.0,0.0,0.0,0.0,0.0,0.0,0.0,0.0
2014-07-29,13071.0,9129.610126935033,13071.0,126.51894102624921,107.02222238233931,0.0,107.02222238233931,126.51894102624921
2014-07-30,5451.000000000001,5222.710943073107,5451.000000000001,0.0,31.225298364748692,0.0,31.225298364748692,31.225298364748692
2014-07-31,7021.0,5634.787091971762,7021.0,0.0,44.59899421097079,0.0,44.59899421097079,44.59899421097079
2014-08-01,560.0,557.3829990863178,560.0,0.0,1.2664052671332264,0.0,1.2664052671332264,1.2664052671332264
2014-08-02,1283.0,1329.671534053959,1283.0,0.0,3.1326494212758464,0.0,3.1326494212758464,3.1326494212758464
2014-08-03,0.0,0.0,0.0,0.0,0.0,0.0,0.0,0.0
2014-08-04,0.0,0.0,0.0,0.0,0.0,0.0,0.0,0.0
2014-08-05,0.0,0.0,0.0,0.0,0.0,0.0,0.0,0.0
2014-08-06,341.0,557.3829990863178,341.0,0.0,0.6297231643509654,0.0,0.6297231643509654,0.6297231643509654
2014-08-07,0.0,0.0,0.0,0.0,0.0,0.0,0.0,0.0
2014-08-08,0.0,0.0,0.0,0.0,0.0,0.0,0.0,0.0
2014-08-09,0.0,0.0,0.0,0.0,0.0,0.0,0.0,0.0
2014-08-10,0.0,0.0,0.0,0.0,0.0,0.0,0.0,0.0
2014-08-11,0.0,0.0,0.0,0.0,0.0,0.0,0.0,0.0
2014-08-12,0.0,0.0,0.0,0.0,0.0,0.0,0.0,0.0
2014-08-13,0.0,0.0,0.0,0.0,0.0,0.0,0.0,0.0
2014-08-14,0.0,0.0,0.0,0.0,0.0,0.0,0.0,0.0
2014-08-15,0.0,0.0,0.0,0.0,0.0,0.0,0.0,0.0
2014-08-16,0.0,0.0,0.0,0.0,0.0,0.0,0.0,0.0
2014-08-17,196.0,489.57299990046334,196.0,0.0,0.28868540754931843,0.0,0.28868540754931843,0.28868540754931843
2014-08-18,0.0,0.0,0.0,0.0,0.0,0.0,0.0,0.0
2014-08-19,0.0,0.0,0.0,0.0,0.0,0.0,0.0,0.0
2014-08-20,0.0,0.0,0.0,0.0,0.0,0.0,0.0,0.0
2014-08-21,0.0,0.0,0.0,0.0,0.0,0.0,0.0,0.0
2014-08-22,0.0,0.0,0.0,0.0,0.0,0.0,0.0,0.0
2014-08-23,196.0,500.00530746751787,196.0,0.0,0.28868540754931843,0.0,0.28868540754931843,0.28868540754931843
2014-08-24,0.0,0.0,0.0,0.0,0.0,0.0,0.0,0.0
2014-08-25,0.0,0.0,0.0,0.0,0.0,0.0,0.0,0.0
2014-08-26,0.0,0.0,0.0,0.0,0.0,0.0,0.0,0.0
2014-08-27,0.0,0.0,0.0,0.0,0.0,0.0,0.0,0.0
2014-08-28,0.0,0.0,0.0,0.0,0.0,0.0,0.0,0.0
2014-08-29,0.0,0.0,0.0,0.0,0.0,0.0,0.0,0.0
2014-08-30,0.0,0.0,0.0,0.0,0.0,0.0,0.0,0.0
2014-08-31,0.0,0.0,0.0,0.0,0.0,0.0,0.0,0.0
2014-09-01,0.0,0.0,0.0,0.0,0.0,0.0,0.0,0.0
2014-09-02,0.0,0.0,0.0,0.0,0.0,0.0,0.0,0.0
2014-09-03,0.0,0.0,0.0,0.0,0.0,0.0,0.0,0.0
2014-09-04,0.0,0.0,0.0,0.0,0.0,0.0,0.0,0.0
2014-09-05,0.0,0.0,0.0,0.0,0.0,0.0,0.0,0.0
2014-09-06,0.0,0.0,0.0,0.0,0.0,0.0,0.0,0.0
2014-09-07,0.0,0.0,0.0,0.0,0.0,0.0,0.0,0.0
2014-09-08,0.0,0.0,0.0,0.0,0.0,0.0,0.0,0.0
2014-09-09,0.0,0.0,0.0,0.0,0.0,0.0,0.0,0.0
2014-09-10,0.0,0.0,0.0,0.0,0.0,0.0,0.0,0.0
2014-09-11,0.0,0.0,0.0,0.0,0.0,0.0,0.0,0.0
2014-09-12,0.0,0.0,0.0,0.0,0.0,0.0,0.0,0.0
2014-09-13,0.0,0.0,0.0,0.0,0.0,0.0,0.0,0.0
2014-09-14,0.0,0.0,0.0,0.0,0.0,0.0,0.0,0.0
2014-09-15,608.0,610.5877676782959,608.0,0.2660964454553422,1.421921217230694,0.0,1.421921217230694,0.2660964454553422
2014-09-16,0.0,0.0,0.0,0.0,0.0,0.0,0.0,0.0
2014-09-17,0.0,0.0,0.0,0.0,0.0,0.0,0.0,0.0
2014-09-18,0.0,0.0,0.0,0.0,0.0,0.0,0.0,0.0
2014-09-19,0.0,0.0,0.0,0.0,0.0,0.0,0.0,0.0
2014-09-20,0.0,0.0,0.0,0.0,0.0,0.0,0.0,0.0
2014-09-21,0.0,0.0,0.0,0.0,0.0,0.0,0.0,0.0
2014-09-22,0.0,0.0,0.0,0.0,0.0,0.0,0.0,0.0
2014-09-23,0.0,0.0,0.0,0.0,0.0,0.0,0.0,0.0
2014-09-24,0.0,0.0,0.0,0.0,0.0,0.0,0.0,0.0
2014-09-25,0.0,2035.6409813379457,2035.6409813379457,0.0,7.798584884194353,0.0,7.798584884194353,7.798584884194353
2014-09-26,0.0,0.0,0.0,0.0,0.0,0.0,0.0,0.0
2014-09-27,0.0,0.0,0.0,0.0,0.0,0.0,0.0,0.0
2014-09-28,0.0,0.0,0.0,0.0,0.0,0.0,0.0,0.0
2014-09-29,0.0,0.0,0.0,0.0,0.0,0.0,0.0,0.0
2014-09-30,0.0,0.0,0.0,0.0,0.0,0.0,0.0,0.0
2014-10-01,0.0,0.0,0.0,0.0,0.0,0.0,0.0,0.0
2014-10-02,0.0,0.0,0.0,0.0,0.0,0.0,0.0,0.0
2014-10-03,0.0,0.0,0.0,0.0,0.0,0.0,0.0,0.0
2014-10-04,0.0,0.0,0.0,0.0,0.0,0.0,0.0,0.0
2014-10-05,0.0,0.0,0.0,0.0,0.0,0.0,0.0,0.0
2014-10-06,0.0,0.0,0.0,0.0,0.0,0.0,0.0,0.0
2014-10-07,0.0,0.0,0.0,0.0,0.0,0.0,0.0,0.0
2014-10-08,0.0,0.0,0.0,0.0,0.0,0.0,0.0,0.0
2014-10-09,0.0,0.0,0.0,0.0,0.0,0.0,0.0,0.0
2014-10-10,0.0,0.0,0.0,0.0,0.0,0.0,0.0,0.0
2014-10-11,0.0,0.0,0.0,0.0,0.0,0.0,0.0,0.0
2014-10-12,0.0,0.0,0.0,0.0,0.0,0.0,0.0,0.0
2014-10-13,0.0,0.0,0.0,0.0,0.0,0.0,0.0,0.0
2014-10-14,300.0,584.5069987606596,300.0,0.12908933482407023,0.0,0.30571761971393957,0.30571761971393957,0.12908933482407023
2014-10-15,925.9999999999999,719.0837663756631,925.9999999999999,1.2939285550494604,0.0,1.0884900545046,1.0884900545046,1.2939285550494604
2014-10-16,0.0,0.0,0.0,0.0,0.0,0.0,0.0,0.0
2014-10-17,0.0,0.0,0.0,0.0,0.0,0.0,0.0,0.0
2014-10-18,0.0,0.0,0.0,0.0,0.0,0.0,0.0,0.0
2014-10-19,0.0,0.0,0.0,0.0,0.0,0.0,0.0,0.0
2014-10-20,0.0,0.0,0.0,0.0,0.0,0.0,0.0,0.0
2014-10-21,0.0,0.0,0.0,0.0,0.0,0.0,0.0,0.0
2014-10-22,0.0,0.0,0.0,0.0,0.0,0.0,0.0,0.0
2014-10-23,0.0,0.0,0.0,0.0,0.0,0.0,0.0,0.0
2014-10-24,0.0,0.0,0.0,0.0,0.0,0.0,0.0,0.0
2014-10-25,0.0,0.0,0.0,0.0,0.0,0.0,0.0,0.0
2014-10-26,0.0,0.0,0.0,0.0,0.0,0.0,0.0,0.0
2014-10-27,0.0,0.0,0.0,0.0,0.0,0.0,0.0,0.0
2014-10-28,0.0,0.0,0.0,0.0,0.0,0.0,0.0,0.0
2014-10-29,0.0,0.0,0.0,0.0,0.0,0.0,0.0,0.0
2014-10-30,0.0,0.0,0.0,0.0,0.0,0.0,0.0,0.0
2014-10-31,0.0,0.0,0.0,0.0,0.0,0.0,0.0,0.0
2014-11-01,869.0000000000001,772.2885349676412,869.0000000000001,0.0,0.0,1.01329915145293,1.01329915145293,1.01329915145293
2014-11-02,0.0,0.0,0.0,0.0,0.0,0.0,0.0,0.0
2014-11-03,2445.0,3475.299425591472,2445.0,0.0,0.0,3.2502303607146263,3.2502303607146263,3.2502303607146263
2014-11-04,0.0,0.0,0.0,0.0,0.0,0.0,0.0,0.0
2014-11-05,0.0,0.0,0.0,0.0,0.0,0.0,0.0,0.0
2014-11-06,0.0,0.0,0.0,0.0,0.0,0.0,0.0,0.0
2014-11-07,0.0,0.0,0.0,0.0,0.0,0.0,0.0,0.0
2014-11-08,0.0,0.0,0.0,0.0,0.0,0.0,0.0,0.0
2014-11-09,0.0,0.0,0.0,0.0,0.0,0.0,0.0,0.0
2014-11-10,511.0,479.14069233340877,511.0,0.20266582799366764,0.0,0.5570880590139031,0.5570880590139031,0.20266582799366764
2014-11-11,380.0,489.57299990046334,380.0,1.0344037565653006,0.0,0.3990150469550675,0.3990150469550675,1.0344037565653006
2014-11-12,1520.0,1222.2187661132973,1520.0,0.5525730533305904,0.0,1.7425580420449365,1.7425580420449365,1.4238520743530585
2014-11-13,0.0,0.0,0.0,0.0,0.0,0.0,0.0,0.0
2014-11-14,0.0,0.0,0.0,0.0,0.0,0.0,0.0,0.0
2014-11-15,1291.0,933.9893022569867,1291.0,0.8010514672509527,0.0,1.582789859764659,1.582789859764659,0.8010514672509527
2014-11-16,0.0,0.0,0.0,0.0,0.0,0.0,0.0,0.0
2014-11-17,0.0,0.0,0.0,0.0,0.0,0.0,0.0,0.0
2014-11-18,606.0,584.5069987606596,606.0,0.24699467763447394,0.0,0.6750832135089426,0.6750832135089426,0.24699467763447394
2014-11-19,466.0,557.3829990863178,466.0,0.26391397704058817,0.0,0.5021306921143268,0.5021306921143268,0.26391397704058817
2014-11-20,0.0,0.0,0.0,0.0,0.0,0.0,0.0,0.0
2014-11-21,0.0,0.0,0.0,0.0,0.0,0.0,0.0,0.0
2014-11-22,2525.0,3166.5031216066577,2525.0,4.678750262437435,0.0,3.3702966618578483,3.3702966618578483,4.678750262437435
2014-11-23,0.0,0.0,0.0,0.0,0.0,0.0,0.0,0.0
2014-11-24,1164.0000000000002,799.412534641983,1164.0000000000002,0.6791262757236641,0.0,1.4084851107644403,1.4084851107644403,0.6791262757236641
2014-11-25,0.0,0.0,0.0,0.0,0.0,0.0,0.0,0.0
2014-11-26,0.0,0.0,0.0,0.0,0.0,0.0,0.0,0.0
2014-11-27,0.0,0.0,0.0,0.0,0.0,0.0,0.0,0.0
2014-11-28,0.0,0.0,0.0,0.0,0.0,0.0,0.0,0.0
2014-11-29,0.0,0.0,0.0,0.0,0.0,0.0,0.0,0.0
2014-11-30,0.0,0.0,0.0,0.0,0.0,0.0,0.0,0.0
2014-12-01,0.0,0.0,0.0,0.0,0.0,0.0,0.0,0.0
2014-12-02,0.0,0.0,0.0,0.0,0.0,0.0,0.0,0.0
2014-12-03,0.0,0.0,0.0,0.0,0.0,0.0,0.0,0.0
2014-12-04,1334.0,745.1645352932994,1334.0,0.0,0.0,1.6423118122475204,1.6423118122475204,1.6423118122475204
2014-12-05,0.0,0.0,0.0,0.0,0.0,0.0,0.0,0.0
2014-12-06,0.0,0.0,0.0,0.0,0.0,0.0,0.0,0.0
2014-12-07,0.0,0.0,0.0,0.0,0.0,0.0,0.0,0.0
2014-12-08,0.0,0.0,0.0,0.0,0.0,0.0,0.0,0.0
2014-12-09,5515.0,5120.474328915972,5515.0,0.0,0.0,8.127121129786405,8.127121129786405,8.127121129786405
2014-12-10,0.0,0.0,0.0,0.0,0.0,0.0,0.0,0.0
2014-12-11,0.0,0.0,0.0,0.0,0.0,0.0,0.0,0.0
2014-12-12,0.0,0.0,0.0,0.0,0.0,0.0,0.0,0.0
2014-12-13,0.0,0.0,0.0,0.0,0.0,0.0,0.0,0.0
2014-12-14,0.0,0.0,0.0,0.0,0.0,0.0,0.0,0.0
2014-12-15,0.0,0.0,0.0,0.0,0.0,0.0,0.0,0.0
2014-12-16,451.0,500.00530746751787,451.0,0.9075289747945547,0.0,0.4839574546231312,0.4839574546231312,0.9075289747945547
2014-12-17,0.0,0.0,0.0,0.0,0.0,0.0,0.0,0.0
2014-12-18,3196.0,3571.574430213979,3196.0,2.957034369361215,0.0,4.243561816843439,4.243561816843439,2.957034369361215
2014-12-19,887.0,664.8357670269795,887.0,0.5874362216011662,0.0,1.036978053203162,1.036978053203162,0.5874362216011662
2014-12-20,0.0,0.0,0.0,0.0,0.0,0.0,0.0,0.0
2014-12-21,4666.0,5306.467178615148,4666.0,4.144697175481638,0.0,6.1671349128282795,6.1671349128282795,4.144697175481638
2014-12-22,4916.0,4967.4171826858765,4916.0,0.14651414553565997,0.0,6.712267430894082,6.712267430894082,5.669126005903374
2014-12-23,0.0,0.0,0.0,0.0,0.0,0.0,0.0,0.0
2014-12-24,0.0,0.0,0.0,0.0,0.0,0.0,0.0,0.0
2014-12-25,0.0,0.0,0.0,0.0,0.0,0.0,0.0,0.0
2014-12-26,356.00000000000006,664.8357670269795,356.00000000000006,0.19420332632273757,0.0,0.37073709639594354,0.37073709639594354,0.19420332632273757
2014-12-27,0.0,0.0,0.0,0.0,0.0,0.0,0.0,0.0
2014-12-28,0.0,0.0,0.0,0.0,0.0,0.0,0.0,0.0
2014-12-29,0.0,584.5069987606596,584.5069987606596,0.0,0.0,0.6481678817840071,0.6481678817840071,0.6481678817840071
2014-12-30,0.0,0.0,0.0,0.0,0.0,0.0,0.0,0.0
2014-12-31,0.0,0.0,0.0,0.0,0.0,0.0,0.0,0.0
2015-01-01,3244.0,3166.5031216066577,3244.0,0.0,0.0,4.469656117801031,4.469656117801031,4.469656117801031
2015-01-02,837.0000000000001,772.2885349676412,837.0000000000001,0.7515035164026974,0.0,0.9713572955250311,0.9713572955250311,0.7515035164026974
2015-01-03,0.0,0.0,0.0,0.0,0.0,0.0,0.0,0.0
2015-01-04,588.0,853.6605339906666,588.0,0.7504326024664151,0.0,0.6525337004731833,0.6525337004731833,0.7504326024664151
2015-01-05,368.0,610.5877676782959,368.0,0.3372423490052412,0.0,0.38484686104921056,0.38484686104921056,0.3372423490052412
2015-01-06,0.0,0.0,0.0,0.0,0.0,0.0,0.0,0.0
2015-01-07,257.0,500.00530746751787,257.0,0.12581456271398672,0.0,0.2568148677460532,0.2568148677460532,0.12581456271398672
2015-01-08,0.0,0.0,0.0,0.0,0.0,0.0,0.0,0.0
2015-01-09,0.0,4606.161565860184,4606.161565860184,0.0,0.0,6.634715294291203,6.634715294291203,6.634715294291203
2015-01-10,422.00000000000006,0.0,422.00000000000006,0.3324645898261274,0.0,0.44904126591208815,0.44904126591208815,0.3324645898261274
2015-01-11,0.0,0.0,0.0,0.0,0.0,0.0,0.0,0.0
2015-01-12,0.0,0.0,0.0,0.0,0.0,0.0,0.0,0.0
2015-01-13,340.0,729.5160739427176,340.0,0.28310914680929467,0.0,0.35201793748323823,0.35201793748323823,0.28310914680929467
2015-01-14,0.0,0.0,0.0,0.0,0.0,0.0,0.0,0.0
2015-01-15,0.0,0.0,0.0,0.0,0.0,0.0,0.0,0.0
2015-01-16,380.0,756.6400736170594,380.0,1.7211383695819542,0.0,0.3990150469550675,0.3990150469550675,1.7211383695819542
2015-01-17,0.0,0.0,0.0,0.0,0.0,0.0,0.0,0.0
2015-01-18,632.0,904.778841069234,632.0,2.500745890396401,0.0,0.7078042780302923,0.7078042780302923,2.500745890396401
2015-01-19,0.0,0.0,0.0,0.0,0.0,0.0,0.0,0.0
2015-01-20,4457.0,5531.507247057922,4457.0,0.0,0.0,6.393144296640982,6.393144296640982,6.393144296640982
2015-01-21,7050.0,7217.368149893934,7050.0,0.0,0.0,10.717443113148136,10.717443113148136,10.717443113148136
2015-01-22,0.0,0.0,0.0,0.0,0.0,0.0,0.0,0.0
2015-01-23,0.0,0.0,0.0,0.0,0.0,0.0,0.0,0.0
2015-01-24,475.0,721.1702278890741,475.0,0.17142537191367185,0.0,0.5130704189966477,0.5130704189966477,0.17142537191367185
2015-01-25,0.0,0.0,0.0,0.0,0.0,0.0,0.0,0.0
2015-01-26,755.9999999999999,712.8243818354304,755.9999999999999,0.5664029585383611,0.0,0.8661140999008653,0.8661140999008653,0.5664029585383611
2015-01-27,920.9999999999999,901.6491487991175,920.9999999999999,3.1462538818260195,0.0,1.0818703324562358,1.0818703324562358,3.1462538818260195
2015-01-28,0.0,0.0,0.0,0.0,0.0,0.0,0.0,0.0
2015-01-29,6220.0,7508.7273060203615,6220.0,0.24209642281272914,0.0,9.027148280506951,9.027148280506951,8.767114011205354
2015-01-30,592.0000000000001,767.072381184114,592.0000000000001,0.0,0.0,0.6575372410583712,0.6575372410583712,0.6575372410583712
2015-01-31,4034.0,3722.5451149306646,4034.0,0.0,0.0,5.713749075736574,5.713749075736574,5.713749075736574
2015-02-01,0.0,0.0,0.0,0.0,0.0,0.0,0.0,0.0
2015-02-02,0.0,0.0,0.0,0.0,0.0,0.0,0.0,0.0
2015-02-03,0.0,0.0,0.0,0.0,0.0,0.0,0.0,0.0
2015-02-04,0.0,0.0,0.0,0.0,0.0,0.0,0.0,0.0
2015-02-05,2510.0,4349.526799710642,2510.0,3.049855228745327,0.0,3.3477470360424184,3.3477470360424184,3.049855228745327
2015-02-06,637.0,836.9688418833794,637.0,0.45317698201545537,0.0,0.7141165874789094,0.7141165874789094,0.45317698201545537
2015-02-07,0.0,0.0,0.0,0.0,0.0,0.0,0.0,0.0
2015-02-08,2812.0,2814.1889008458197,2812.0,0.6542956174380622,0.0,3.5576673150962708,3.5576673150962708,3.4661914374323244
2015-02-09,6356.0,6672.801694893687,6356.0,0.0,0.0,9.536393690409898,9.536393690409898,9.536393690409898
2015-02-10,0.0,0.0,0.0,0.0,0.0,0.0,0.0,0.0
2015-02-11,215.0,651.2737671898087,215.0,0.21058930773661516,0.0,0.21004269026545852,0.21004269026545852,0.21058930773661516
2015-02-12,392.99999999999994,719.0837663756631,392.99999999999994,0.573795972256945,0.0,0.4144279710405,0.4144279710405,0.573795972256945
2015-02-13,0.0,0.0,0.0,0.0,0.0,0.0,0.0,0.0
2015-02-14,0.0,0.0,0.0,0.0,0.0,0.0,0.0,0.0
2015-02-15,0.0,0.0,0.0,0.0,0.0,0.0,0.0,0.0
2015-02-16,1256.0,1690.6293758740462,1256.0,0.741308444248967,0.0,1.413032885812839,1.413032885812839,1.6631236282947393
2015-02-17,471.00000000000006,721.1702278890741,471.00000000000006,0.0,0.0,0.5082050460779712,0.5082050460779712,0.5082050460779712
2015-02-18,0.0,0.0,0.0,0.0,0.0,0.0,0.0,0.0
2015-02-19,0.0,0.0,0.0,0.0,0.0,0.0,0.0,0.0
2015-02-20,0.0,0.0,0.0,0.0,0.0,0.0,0.0,0.0
2015-02-21,4333.0,4328.662184576533,4333.0,0.0,0.0,6.193099950971398,6.193099950971398,6.193099950971398
2015-02-22,0.0,0.0,0.0,0.0,0.0,0.0,0.0,0.0
2015-02-23,0.0,0.0,0.0,0.0,0.0,0.0,0.0,0.0
2015-02-24,0.0,0.0,0.0,0.0,0.0,0.0,0.0,0.0
2015-02-25,0.0,0.0,0.0,0.0,0.0,0.0,0.0,0.0
2015-02-26,0.0,0.0,0.0,0.0,0.0,0.0,0.0,0.0
2015-02-27,0.0,0.0,0.0,0.0,0.0,0.0,0.0,0.0
2015-02-28,0.0,0.0,0.0,0.0,0.0,0.0,0.0,0.0
2015-03-01,0.0,0.0,0.0,0.0,0.0,0.0,0.0,0.0
2015-03-02,250.0,675.268074594034,250.0,0.10219313880650412,0.0,0.24894741467760897,0.24894741467760897,0.10219313880650412
2015-03-03,0.0,0.0,0.0,0.0,0.0,0.0,0.0,0.0
2015-03-04,0.0,0.0,0.0,0.0,0.0,0.0,0.0,0.0
2015-03-05,0.0,0.0,0.0,0.0,0.0,0.0,0.0,0.0
2015-03-06,282.0,675.268074594034,282.0,0.18586274627837504,0.0,0.28513061215562224,0.28513061215562224,0.18586274627837504
2015-03-07,0.0,0.0,0.0,0.0,0.0,0.0,0.0,0.0
2015-03-08,0.0,0.0,0.0,0.0,0.0,0.0,0.0,0.0
2015-03-09,521.0,785.8505348048122,521.0,0.0,0.0,0.5693863008429039,0.5693863008429039,0.5693863008429039
2015-03-10,397.0,816.1042267492703,397.0,0.6979692274600647,0.0,0.41918352014033305,0.41918352014033305,0.6979692274600647
2015-03-11,0.0,0.0,0.0,0.0,0.0,0.0,0.0,0.0
2015-03-12,0.0,0.0,0.0,0.0,0.0,0.0,0.0,0.0
2015-03-13,0.0,0.0,0.0,0.0,0.0,0.0,0.0,0.0
2015-03-14,842.0000000000001,821.3203805327976,842.0000000000001,0.0,0.0,0.977897520012576,0.977897520012576,0.977897520012576
2015-03-15,0.0,0.0,0.0,0.0,0.0,0.0,0.0,0.0
2015-03-16,1640.0,1219.8345295942809,1640.0,0.0,0.0,2.072556403178124,2.072556403178124,2.072556403178124
2015-03-17,0.0,0.0,0.0,0.0,0.0,0.0,0.0,0.0
2015-03-18,0.0,0.0,0.0,0.0,0.0,0.0,0.0,0.0
2015-03-19,0.0,0.0,0.0,0.0,0.0,0.0,0.0,0.0
2015-03-20,380.0,624.1497675154669,380.0,0.481462799379103,0.0,0.3990150469550675,0.3990150469550675,0.481462799379103
2015-03-21,0.0,0.0,0.0,0.0,0.0,0.0,0.0,0.0
2015-03-22,864.0,1507.0207626938864,864.0,0.0,0.0,0.9398345090974205,0.9398345090974205,0.9398345090974205
2015-03-23,0.0,0.0,0.0,0.0,0.0,0.0,0.0,0.0
2015-03-24,1020.0,957.9836096612121,1020.0,0.0,0.0,1.2137614215012678,1.2137614215012678,1.2137614215012678
2015-03-25,4333.0,3331.333581166119,4333.0,0.0,0.0,6.193099950971398,6.193099950971398,6.193099950971398
2015-03-26,740.0,831.7526880998521,740.0,0.0,0.0,0.8454891873130492,0.8454891873130492,0.8454891873130492
2015-03-27,0.0,0.0,0.0,0.0,0.0,0.0,0.0,0.0
2015-03-28,0.0,0.0,0.0,0.0,0.0,0.0,0.0,0.0
2015-03-29,1281.0,1346.3632261612463,1281.0,0.0694097681072572,0.0,1.45730408871594,1.45730408871594,1.151280100563493
2015-03-30,553.9999999999999,622.0633060020559,553.9999999999999,0.2720442244543227,0.0,0.6101802977437362,0.6101802977437362,0.2720442244543227
2015-03-31,0.0,0.0,0.0,0.0,0.0,0.0,0.0,0.0
2015-04-01,1788.0,2046.0732889050003,1788.0,0.0,0.0,2.2844621148284423,2.2844621148284423,2.2844621148284423
2015-04-02,2135.0,1789.4385227554587,2135.0,0.0,0.0,2.789802309197754,2.789802309197754,2.789802309197754
2015-04-03,0.0,0.0,0.0,0.0,0.0,0.0,0.0,0.0
2015-04-04,0.0,0.0,0.0,0.0,0.0,0.0,0.0,0.0
2015-04-05,316.0,646.0576134062815,316.0,0.0,0.0,0.32414938316983954,0.32414938316983954,0.32414938316983954
2015-04-06,0.0,0.0,0.0,0.0,0.0,0.0,0.0,0.0
2015-04-07,401.0,770.2020734542305,401.0,0.0,0.0,0.42394514362445396,0.42394514362445396,0.42394514362445396
