,%coarse,%fine,Area(m2),Coarse Carb(gm2d),Coarse Org(gm2d),Coarse Terr(gm2d),Coarse Terr+Org(gm2d),Coarse(%carb),Coarse(%organic),Coarse(%terr),Coarse(gm2d),Days deployed:,Fine Org(gm2d),Fine(%carb),Fine(%organic),Fine(%terr),Fine_Carb_gm2d,Fine_TerrOrg_gm2d,Fine_Terr_gm2d,Fine_gm2d,Lat,Lon,Mass Beaker,Mass Beaker + Sed,Mass Filter,Mass Filter + Sed,Mass Fine Fraction,Mass Sand Fraction,Month,Pod(P)/Tube(T),Precip,SSY,Total(%carb),Total(%organic),Total(%terr),Total(g),Total_Carb_gm2d,Total_Org_gm2d,Total_TerrOrg_gm2d,Total_Terr_gm2d,Total_gm2d,Waves,end,start
T1A,84.90265818045675,15.097341819543248,0.0020268299163899908,82.02408040196725,9.291950597774868,29.642399000257893,38.93434959803276,67.81179319371725,7.681937172774868,24.506269633507884,120.95843,37.0,1.9605078467635377,50.9775429326288,9.114927344782023,39.907529722589175,10.96463736327609,10.544122636723909,8.583614789960372,21.50876,-14.29018,-170.6814,69.687,78.758,1.728,3.341,1.6130000000000002,9.070999999999998,Mar_2014,T1A,374.396,66.12128005657135,65.27026888904338,7.898280597283249,26.831450513673378,10.683999999999997,92.9887179916643,11.25245842526466,49.478472008335686,38.22601358307102,142.46719,1.8287280254850262,2014-04-11 00:00:00,2014-03-05 00:00:00
T1B,94.36975509505051,5.630244904949479,0.0020268299163899908,428.8411919873516,35.33892648221362,123.63704153043474,158.97596801264837,72.95486099578169,6.011890922376887,21.03324808184143,587.81716,37.0,3.2837416349885724,51.54755712056334,9.363370813492791,39.08907206594387,18.07776952022726,16.992310479772737,13.708568844784166,35.07008,-14.28941,-170.6796,66.864,110.946,1.685,4.315,2.6300000000000003,44.081999999999994,Mar_2014,T1B,374.396,66.12128005657135,71.74957736006014,6.200587448186846,22.049835191752997,46.711999999999996,446.91896212974353,38.62266801979748,175.96827787025643,137.34560985045894,622.88724,1.8287280254850262,2014-04-11 00:00:00,2014-03-05 00:00:00
T1C,92.61374827654126,7.3862517234587335,0.0020268299163899908,246.0735899565315,21.411026158550076,46.01253388491838,67.42356004346846,78.49308676539214,6.829735504310032,14.677177730297831,313.49715,37.0,2.464371089466937,65.64014930596042,9.856526303511046,24.503324390528533,16.411632382118242,8.59079761788176,6.126426528414823,25.00243,-14.28833,-170.6779,82.994,106.504,1.722,3.597,1.875,23.510000000000005,Mar_2014,T1C,374.396,66.12128005657135,77.54373645077979,7.053301891881507,15.402961657338704,25.385000000000005,262.4852222021965,23.87539728015095,76.0143577978035,52.13896051765255,338.49958,1.8287280254850262,2014-04-11 00:00:00,2014-03-05 00:00:00
T2A,85.67957143646105,14.320428563538956,0.0020268299163899908,70.18430386704662,23.590298373923996,113.09884775902935,136.68914613295334,33.926201678874996,11.403250815377227,54.67054750574777,206.87345,37.0,3.2808913778162925,28.129116117850852,9.488734835355288,62.382149046793856,9.726120092720937,24.850579907279066,21.569688529462773,34.5767,-14.29177,-170.6822,70.201,85.715,1.781,4.374,2.593,15.51400000000001,Mar_2014,T2A,374.396,66.12128005657135,33.0960341823413,11.129083922120646,55.774881895538044,18.10700000000001,79.91042417731434,26.87118982358618,161.53972582268563,134.66853599909945,241.45015,1.8287280254850262,2014-04-11 00:00:00,2014-03-05 00:00:00
T2B,76.16046611869973,23.839533881300273,0.0020268299163899908,59.88018415124261,4.338524100045927,4.107931748711463,8.44645584875739,87.63812204323615,6.349681617661759,6.012196339102089,68.32664,37.0,1.8968154045801626,80.4030534351141,8.868841082581588,10.72810548230431,17.196130690686935,4.191279309313063,2.2944639047329,21.38741,-14.29142,-170.6793,68.066,73.19,1.733,3.3369,1.6038999999999999,5.123999999999995,Mar_2014,T2B,374.396,66.12128005657135,85.91331541106759,6.9502374918253045,7.136447097107119,6.727899999999995,77.07632333587442,6.235340233558649,12.637736664125587,6.402396430566939,89.71406,1.8287280254850262,2014-04-11 00:00:00,2014-03-05 00:00:00
T2C,94.40526563234603,5.594734367653972,0.0020268299163899908,207.87872954134383,19.943657316056605,39.93698314259955,59.88064045865616,77.63639776316468,7.4483508517579065,14.915251385077413,267.75937,37.0,1.516897694509748,73.15243840098185,9.559349759738168,17.28821183927998,11.60798254558844,4.260227454411558,2.7433297599018096,15.86821,-14.29033,-170.6767,69.863,89.943,1.734,2.924,1.19,20.08,Mar_2014,T2C,374.396,66.12128005657135,77.38553214769699,7.5664556331634785,15.048012219139522,21.27,219.486712100635,21.460555004115253,64.14086789936498,42.68031289524973,283.62758,1.8287280254850262,2014-04-11 00:00:00,2014-03-05 00:00:00
T3A,97.4919997023145,2.5080002976854954,0.0020268299163899908,472.28488038033305,26.88682993297888,24.879249686688095,51.766079619666975,90.12193783221636,5.130575456436313,4.747486711347326,524.05096,37.0,1.0702287611792145,83.96268079938135,7.9386110191013675,8.098708181517287,11.319269282875076,2.1620407171249227,1.0918119559457082,13.48131,-14.29273,-170.6794,67.431,106.731,1.758,2.769,1.0110000000000001,39.3,Mar_2014,T3A,374.396,66.12128005657135,89.96746364749764,5.201000996707068,4.831535355795289,40.311,483.6041496058189,27.95705872032213,53.92812039418112,25.971061673858994,537.53227,1.8287280254850262,2014-04-11 00:00:00,2014-03-05 00:00:00
T3B,96.16636292632127,3.8336370736787284,0.0020268299163899908,359.221723197237,18.19782521543833,16.618771587324666,34.816596802762994,91.16415966783053,4.618288194772104,4.217552137397364,394.03832,37.0,1.2412212873631225,83.63865048831053,7.901746078721499,8.45960343296797,13.138118132139745,2.570071867860254,1.3288505804971313,15.70819,-14.29384,-170.6773,70.216,99.766,1.695,2.873,1.1780000000000002,29.55000000000001,Mar_2014,T3B,374.396,66.12128005657135,90.87565895794135,4.744164053509815,4.380176988548827,30.728000000000012,372.3598410196671,19.439046637931,37.386668980332914,17.947622342401917,409.74651,1.8287280254850262,2014-04-11 00:00:00,2014-03-05 00:00:00
T3C,50.22421524663676,49.77578475336325,0.0020268299163899908,13.239128601069046,1.7006359126948913,1.4884954862360638,3.189131398930955,80.58752783964367,10.351893095768457,9.060579064587873,16.42826,37.0,1.3155106610702743,79.36230086807261,8.079748163693413,12.557950968233978,12.921436505675938,3.3601434943240642,2.04463283325379,16.28158,-14.29337,-170.6754,66.339,67.571,1.746,2.967,1.221,1.2319999999999993,Mar_2014,T3C,374.396,66.12128005657135,79.97766149953432,9.220915125094331,10.801423375371362,2.4529999999999994,26.16057311000543,3.016147506045668,6.549276889994578,3.5331293839489097,32.70985,1.8287280254850262,2014-04-11 00:00:00,2014-03-05 00:00:00
T1A,78.00508639389635,21.99491360610365,0.0020268299163899908,17.394458802168064,2.438530675864331,7.979050521967604,10.417581197831936,62.54290876242111,8.767895759765667,28.68919547781322,27.81204,37.0,0.9300313967437701,40.61491002570703,11.859468723221715,47.52562125107125,3.1850618591259714,4.657038140874029,3.7270067441302586,7.8421,-14.29018,-170.6814,67.4707,69.5564,1.7116,2.2997,0.5881000000000001,2.0857000000000028,Apr_2014,T1A,347.9800000000001,42.74997684164197,57.71986438473335,9.447884562147483,32.832251053119165,2.6738000000000026,20.57951548355653,3.3685610440379947,15.074614516443472,11.706053472405477,35.65413,1.4684429511166457,2014-05-18 00:00:00,2014-04-11 00:00:00
T1B,94.67813242697606,5.321867573023945,0.0020268299163899908,148.77025726213353,11.744585040963988,37.096377696902486,48.84096273786648,75.28431698470033,5.943278443887947,18.772404571411727,197.61122,37.0,1.1095607064771797,55.83492757584019,9.98906805138016,34.17600437277965,6.202004167805388,4.9057458321946115,3.7961851257174315,11.10775,-14.28941,-170.6796,70.5007,85.3201,1.7724,2.6054,0.833,14.819400000000002,Apr_2014,T1B,347.9800000000001,42.74997684164197,74.24924623659906,6.158590009081848,19.59216375431911,15.652400000000002,154.97225455286872,12.854145017619539,53.74670544713134,40.8925604295118,208.71896,1.4684429511166457,2014-05-18 00:00:00,2014-04-11 00:00:00
T1C,79.56496111103124,20.43503888896875,0.0020268299163899908,56.580448736517184,5.5039547746337325,11.713436488849082,17.217391263482813,76.66951869664096,7.4581515863252,15.872329717033836,73.79784,37.0,1.5538068971833994,69.98343637890248,8.197847492557706,21.818716128539812,13.26454855775897,5.6892914422410295,4.13548454505763,18.95384,-14.28833,-170.6779,69.3543,74.8886,1.7591,3.1805,1.4213999999999998,5.534300000000002,Apr_2014,T1C,347.9800000000001,42.74997684164197,75.30321517486263,7.609308732423921,17.08747609271343,6.955700000000002,69.84500469902154,7.057762446640765,22.906685300978438,15.848922854337673,92.75169,1.4684429511166457,2014-05-18 00:00:00,2014-04-11 00:00:00
T2A,63.54939071817471,36.45060928182528,0.0020268299163899908,8.500983526587698,5.45435595219902,18.729170521213288,24.183526473412307,26.00921209033789,16.687892681270178,57.30289522839194,32.68451,37.0,1.8940276545166586,22.196354992075772,10.103011093502474,67.70063391442176,4.161186184532433,14.58597381546757,12.691946160950911,18.74716,-14.29177,-170.6822,70.4999,72.951,1.6862,3.0921,1.4059,2.4510999999999967,Apr_2014,T2A,347.9800000000001,42.74997684164197,24.61940244697602,14.287663222042116,61.092934330981855,3.8569999999999967,12.662169822500632,7.348383799072068,38.76950017749936,31.421116378427293,51.43167,1.4684429511166457,2014-05-18 00:00:00,2014-04-11 00:00:00
T2B,71.48472395926363,28.51527604073637,0.0020268299163899908,4.496851752878462,0.536281663112997,0.3020565840085404,0.8383382471215374,84.2866280840694,10.051781906792392,5.661590009138202,5.33519,37.0,0.1780101301115304,81.29244114002498,8.364312267658287,10.343246592316737,1.7300738615861257,0.39813613841387446,0.22012600830234405,2.12821,-14.29142,-170.6793,70.3686,70.7687,1.7655,1.9251,0.15959999999999996,0.4000999999999948,Apr_2014,T2B,347.9800000000001,42.74997684164197,83.43282741179945,9.570595281089684,6.996577307110868,0.5596999999999948,6.2269172977695,0.7142908511493193,1.2364727022305013,0.5221818510811819,7.46339,1.4684429511166457,2014-05-18 00:00:00,2014-04-11 00:00:00
T2C,90.23225000955499,9.767749990445008,0.0020268299163899908,44.493358579492636,6.761139147915783,43.189352272591584,49.95049142050737,47.11091148814098,7.1588982743882035,45.73019023747082,94.44385,37.0,0.9985428953892055,71.72764832259071,9.766980664353133,18.505371013056156,7.333190890497378,2.8904691095026225,1.8919262141134172,10.22366,-14.29033,-170.6767,67.0412,74.1238,1.6868,2.4535,0.7666999999999999,7.082599999999999,Apr_2014,T2C,347.9800000000001,42.74997684164197,49.51541279793581,7.4136492417848,43.07093796027938,7.8492999999999995,51.82654964182074,7.759682061510029,52.840960358179245,45.08127829666922,104.66751,1.4684429511166457,2014-05-18 00:00:00,2014-04-11 00:00:00
T3A,70.84937712344276,29.150622876557243,0.0020268299163899908,13.704882160637053,1.8145486824060328,1.1648591569569142,2.9794078393629473,82.14243555246914,10.875792031941621,6.981772415589241,16.68429,37.0,0.6257200151917758,83.15286745157711,9.115077857956402,7.732054690466489,5.708169946088178,1.1565000539118218,0.530780038720046,6.86467,-14.29273,-170.6794,68.3242,69.5754,1.7601,2.2749,0.5148000000000001,1.2511999999999972,Apr_2014,T3A,347.9800000000001,42.74997684164197,82.43698274480255,10.3625328831491,7.200484372048362,1.7659999999999973,19.413052091780454,2.4402687236396283,4.135907908219549,1.6956391845799201,23.54896,1.4684429511166457,2014-05-18 00:00:00,2014-04-11 00:00:00
T3B,76.76874340021126,23.231256599788743,0.0020268299163899908,17.256918190535895,1.783348152946945,1.3177136565171599,3.101061809464105,84.76734032814599,8.759946482641917,6.472713189212092,20.35798,37.0,0.5145800310800211,85.89665889665906,8.352758352758192,5.750582750582746,5.291749567987577,0.8688504320124217,0.3542704009324006,6.1606,-14.29384,-170.6773,68.1001,69.6268,1.7219,2.1839,0.46199999999999997,1.5267000000000053,Apr_2014,T3B,347.9800000000001,42.74997684164197,85.02969522262633,8.665351563344748,6.304953214028929,1.9887000000000052,22.548667751368342,2.2979281866068275,3.96991224863166,1.6719840620248327,26.51858,1.4684429511166457,2014-05-18 00:00:00,2014-04-11 00:00:00
T3C,94.34991974317803,5.650080256821964,0.0020268299163899908,3.103791888355909,0.49735872219798394,0.3178993894461069,0.8152581116440909,79.19755778456282,12.690798081116188,8.111644134320994,3.91905,37.0,0.0,0.0,0.0,0.0,0.0,0.0,0.0,0.23469,-14.29337,-170.6754,69.9038,70.1977,1.7804,1.798,0.01760000000000006,0.2938999999999936,Apr_2014,T3C,347.9800000000001,42.74997684164197,74.72283220829206,11.973757804301902,7.653329730584066,0.31149999999999367,3.103792170568711,0.49735876742040985,0.8152581857715724,0.3178994183511626,4.15374,1.4684429511166457,2014-05-18 00:00:00,2014-04-11 00:00:00
T1A,94.26086956521738,5.739130434782623,0.0020268299163899908,28.26378308926019,7.023548058788341,31.565838851951476,38.58938691073982,42.27740148935374,10.505931220297168,47.21666729034909,66.85317,40.0,0.47576103896105726,29.038311688312106,11.688311688312139,59.27337662337575,1.181975438961056,2.8884245610389443,2.412663522077887,4.0704,-14.29018,-170.6814,66.4,71.82,1.71,2.04,0.33000000000000007,5.4199999999999875,May_2014,T1A,387.85800000000006,38.33297006467327,41.517592857293955,10.573789577591938,47.9086175651141,5.749999999999988,29.44575488069859,7.499307995337165,41.477805119301394,33.97849712396423,70.92356,1.6031300425472692,2014-06-26 00:00:00,2014-05-17 00:00:00
T1B,96.65689149560117,3.343108504398825,0.0020268299163899908,114.5713751087531,11.684734035659345,77.01699085558755,88.7017248912469,56.36327438738973,5.748293323444836,37.888432289165436,203.2731,40.0,0.7430799999999848,50.44444444444444,10.569105691056693,38.986449864498866,3.546587466666667,3.484092533333334,2.741012533333349,7.03068,-14.28941,-170.6796,69.35,85.83,1.81,2.38,0.5699999999999998,16.480000000000004,May_2014,T1B,387.85800000000006,38.33297006467327,56.16540148020623,5.909458311687577,37.9251402081062,17.050000000000004,118.11796236504965,12.427814207003156,92.18581763495035,79.7580034279472,210.30378,1.6031300425472692,2014-06-26 00:00:00,2014-05-17 00:00:00
T1C,87.73307163886165,12.266928361138357,0.0020268299163899908,61.379485839477695,7.781672239792311,41.109561920729995,48.8912341605223,55.66254200523738,7.056879867831016,37.28057812693161,110.27072,40.0,1.4768773812605727,52.14467788509379,9.578811112217421,38.276511002688785,8.039755082276166,7.378414917723833,5.901537536463261,15.41817,-14.28833,-170.6779,70.57,79.51,1.77,3.02,1.25,8.940000000000012,May_2014,T1C,387.85800000000006,38.33297006467327,55.23100813377718,7.366243366897062,37.40274849932577,10.190000000000012,69.41924105915426,9.258549522551544,56.269648940845755,47.011099418294215,125.68889,1.6031300425472692,2014-06-26 00:00:00,2014-05-17 00:00:00
T2A,61.943319838056695,38.056680161943305,0.0020268299163899908,6.157021062035913,2.5498165861922666,10.16500235177182,12.714818937964086,32.62544119723309,13.51122405760258,53.86333474516433,18.87184,40.0,1.0756780410538145,20.362857604655087,9.277517375141356,70.35962502020355,2.360963379828692,9.233496620171307,8.157818579117492,11.59446,-14.29177,-170.6822,68.32,69.85,1.79,2.73,0.94,1.5300000000000011,May_2014,T2A,387.85800000000006,38.33297006467327,27.958708979814737,11.900015846463491,60.141275173721766,2.470000000000001,8.517984153917297,3.6254945278311066,21.9483158460827,18.322821318251595,30.4663,1.6031300425472692,2014-06-26 00:00:00,2014-05-17 00:00:00
T2B,66.66666666666681,33.333333333333194,0.0020268299163899908,0.9285848772151679,0.13583563291140888,0.6624094898734232,0.7982451227848321,53.77396021699692,7.866184448463883,38.3598553345392,1.72683,40.0,0.0698671528471424,48.07592407592425,8.091908091906882,43.83216783216887,0.41509714365634515,0.4483228563436549,0.3784557034965125,0.86342,-14.29142,-170.6793,70.37,70.51,1.82,1.89,0.06999999999999984,0.14000000000000057,May_2014,T2B,387.85800000000006,38.33297006467327,51.874614836639374,7.941425662944884,40.18395950041575,0.2100000000000004,1.3436822108060513,0.20570277823442987,1.246567789193949,1.0408650109595192,2.59025,1.6031300425472692,2014-06-26 00:00:00,2014-05-17 00:00:00
T2C,94.93927125506073,5.060728744939264,0.0020268299163899908,68.08081045550645,8.477162459139878,39.13994708535367,47.617109544493545,58.84359066740911,7.326979135960161,33.82943019663073,115.69792,40.0,0.49007598940481756,48.45590526643831,7.946400747896842,43.59769398566485,2.9884065087254696,3.1788634912745306,2.688787501869713,6.16727,-14.29033,-170.6767,68.1,77.48,1.8,2.3,0.4999999999999998,9.38000000000001,May_2014,T2C,387.85800000000006,38.33297006467327,58.31789808638831,7.358326383527807,34.32377553008388,9.88000000000001,71.06921147519367,8.967237692273653,50.79596852480633,41.82873083253267,121.86518,1.6031300425472692,2014-06-26 00:00:00,2014-05-17 00:00:00
T3A,83.76068376068372,16.239316239316288,0.0020268299163899908,14.079707483692806,1.7747152746202053,8.321257241686988,10.095972516307192,58.239137363221246,7.340911505364918,34.41995113141384,24.17568,40.0,0.20639013650373836,58.17437252311691,4.403346543372868,37.42228093351022,2.726702649405517,1.9604173505944829,1.7540272140907445,4.68712,-14.29273,-170.6794,70.9,72.86,1.84,2.22,0.3800000000000001,1.9599999999999937,May_2014,T3A,387.85800000000006,38.33297006467327,58.228619996024825,6.863871041451678,34.90750896252351,2.3399999999999936,16.806415955074655,1.9811060573392192,12.056394044925351,10.075287987586131,28.86281,1.6031300425472692,2014-06-26 00:00:00,2014-05-17 00:00:00
T3B,83.8709677419355,16.129032258064495,0.0020268299163899908,16.76967048177662,1.9172554573412182,10.175884060882163,12.093139518223381,58.101309199543,6.642650030753133,35.256040769703866,28.86281,40.0,0.3524504233226905,49.49760383386498,6.349840255591177,44.152555910543846,2.747384299840209,2.8031557001597904,2.4507052768371,5.55054,-14.29384,-170.6773,67.03,69.37,1.76,2.21,0.44999999999999996,2.3400000000000034,May_2014,T3B,387.85800000000006,38.33297006467327,56.71361478572397,6.595422647662495,36.690962566613536,2.7900000000000036,19.51705475386294,2.2697058797193614,14.896295246137061,12.626589366417699,34.41335,1.6031300425472692,2014-06-26 00:00:00,2014-05-17 00:00:00
T3C,71.7948717948719,28.205128205128098,0.0020268299163899908,1.7661793173634763,0.30748365469749556,1.380007027939028,1.6874906826365235,51.13920314805631,8.903098868667117,39.957697983276574,3.45367,40.0,0.10954708171204308,46.1507782101197,8.07392996108808,45.77529182879222,0.626173758754904,0.730626241245096,0.6210791595330529,1.3568,-14.29337,-170.6754,67.46,67.74,1.79,1.9,0.10999999999999988,0.28000000000000114,May_2014,T3C,387.85800000000006,38.33297006467327,49.7322114988947,8.669230715247389,41.598557785857906,0.390000000000001,2.3923531144908794,0.4170307427877611,2.4181168855091197,2.0010861427213587,4.81047,1.6031300425472692,2014-06-26 00:00:00,2014-05-17 00:00:00
T1A,91.2963116060989,8.703688393901096,0.0020268299163899908,92.65939258320387,13.543463346895194,49.46700406990093,63.010467416796125,59.523014013890595,8.700119179714811,31.776866806394594,155.66986,49.0,1.746445618621437,26.08949599623177,11.767938451876203,62.142565551892034,3.871866441262368,10.968843558737632,9.222397940116196,14.84071,-14.29018,-170.6814,70.3549,85.8152,1.7838,3.2577,1.4738999999999998,15.460300000000004,Jun_Jul_2014,T1A,797.814,236.7108128667349,56.613064786514784,8.967132609651783,34.41980260383342,16.934200000000004,96.53125946195563,15.28990892537313,73.97931053804433,58.6894016126712,170.51057,2.005174951255322,2014-08-14 00:00:00,2014-06-26 00:00:00
T1B,,,0.0020268299163899908,,,,,70.54183266932111,8.167330677289744,21.290836653389146,,49.0,,0.0,0.0,0.0,,,,,-14.28941,-170.6796,,,,,,,Jun_Jul_2014,T1B,797.814,236.7108128667349,,,,,,,,,,2.005174951255322,2014-08-14 00:00:00,2014-06-26 00:00:00
T1C,90.60294852031177,9.397051479688214,0.0020268299163899908,157.01705337284787,14.013468950869617,39.05425767628252,53.06772662715213,74.73985186972986,6.67038752206115,18.58976060820899,210.08478,49.0,1.904961070726946,61.426152779382676,8.74263261296674,29.831214607650583,13.384347135403864,8.404982864596137,6.500021793869191,21.78933,-14.28833,-170.6779,68.1795,89.044,1.732,3.896,2.1639999999999997,20.864499999999992,Jun_Jul_2014,T1C,797.814,236.7108128667349,73.48875671235915,6.865117460038859,19.646125827601985,23.028499999999994,170.40140057684803,15.91843001091971,61.47270942315194,45.55427941223223,231.87411,2.005174951255322,2014-08-14 00:00:00,2014-06-26 00:00:00
T2A,75.585040191801,24.414959808199008,0.0020268299163899908,59.04282280798984,62.16515527641013,279.0203219156,341.1854771920101,14.752285834857217,15.532423688282446,69.71529047686033,400.2283,49.0,12.388820113595095,11.893835886594216,9.583011217518868,78.52315289588691,15.376230906446546,113.90275909355344,101.51393897995835,129.27899,-14.29177,-170.6822,,,,,12.839299999999998,39.74853999999999,Jun_Jul_2014,T2A,797.814,236.7108128667349,14.054396428851323,14.07987702472154,71.86572654642714,52.587839999999986,74.41905365626742,74.55397526893566,455.08823634373266,380.534261074797,529.50729,2.005174951255322,2014-08-14 00:00:00,2014-06-26 00:00:00
T2B,76.95070338578918,23.049296614210807,0.0020268299163899908,44.84344531225038,3.146794829230819,4.003089858518807,7.149884687749626,86.24845785459476,6.052304842238069,7.69923730316717,51.99333,49.0,1.1974320417174482,80.37279232643105,7.688794153471572,11.938413520097374,12.51704167037909,3.0566883296209086,1.8592562879034604,15.57373,-14.29142,-170.6793,70.3679,75.5316,1.7429,3.2896,1.5467000000000002,5.1636999999999915,Jun_Jul_2014,T2B,797.814,236.7108128667349,84.89415827894936,6.429504117644133,8.676337603406493,6.710399999999992,57.36048686083268,4.344226904871082,10.20657313916731,5.862346234296227,67.56706,2.005174951255322,2014-08-14 00:00:00,2014-06-26 00:00:00
T2C,90.1136426022509,9.886357397749105,0.0020268299163899908,126.40771042839333,11.905203951622955,26.961765619983712,38.86696957160667,76.48340957513476,7.203283619501157,16.313306805364086,165.27468,49.0,1.311486157261518,73.16864795187668,7.232884560297845,19.598467487825477,13.267136801983748,4.865133198016251,3.5536470407547323,18.13227,-14.29033,-170.6767,68.118,84.5322,1.7764,3.5772,1.8008,16.414200000000008,Jun_Jul_2014,T2C,797.814,236.7108128667349,76.15570039417605,7.2062100743014135,16.638089531522553,18.215000000000007,139.67484734409626,13.216690107868956,43.73210265590376,30.515412548034803,183.40695,2.005174951255322,2014-08-14 00:00:00,2014-06-26 00:00:00
T3A,90.93040851570126,9.069591484298742,0.0020268299163899908,141.17915757181498,7.6661234642760325,9.67712896390899,17.34325242818502,89.05943176855246,4.835987204759272,6.104581026688271,158.52241,49.0,1.2626967764500199,80.05537744097907,7.986009909647366,11.958612649373563,12.657843926551989,3.153516073448012,1.890819296997992,15.81136,-14.29273,-170.6794,69.3516,85.0952,1.7115,3.2818,1.5703,15.7436,Jun_Jul_2014,T3A,797.814,236.7108128667349,88.24280082401724,5.121681395755279,6.635517780227491,17.3139,153.8370014301003,8.928820264608797,20.496768569899693,11.567948305290898,174.33377,2.005174951255322,2014-08-14 00:00:00,2014-06-26 00:00:00
T3B,91.35888675528068,8.64111324471932,0.0020268299163899908,98.09799807047929,5.693345729076482,6.869046200444222,12.562391929520704,88.64779716615791,5.1448813157774715,6.207321518064614,110.66039,49.0,0.7354127704159752,80.86656394453078,7.026194144837741,12.107241910631476,8.464084908351387,2.002645091648613,1.2672323212326377,10.46673,-14.29384,-170.6773,67.0607,78.0509,1.6805,2.72,1.0395,10.990200000000002,Jun_Jul_2014,T3B,797.814,236.7108128667349,87.9754119916414,5.307447687824002,6.717140320534606,12.029700000000002,106.56209165115106,6.428759060512573,14.56503834884894,8.136279288336368,121.12713,2.005174951255322,2014-08-14 00:00:00,2014-06-26 00:00:00
T3C,50.82938388625764,49.170616113742355,0.0020268299163899908,0.39414232549020867,0.029644313725495728,0.008173360784295654,0.037817674509791385,91.24509803921859,6.862745098040496,1.8921568627409142,0.43196,49.0,0.042989711934147454,87.8106995884711,10.288065843619263,1.9012345679096416,0.3669257893003854,0.05093421069961468,0.007944498765467229,0.41786,-14.29337,-170.6754,67.47,67.5129,1.73,1.7715,0.04150000000000009,0.04290000000000305,Jun_Jul_2014,T3C,797.814,236.7108128667349,89.55638316118522,8.546996412513408,1.8966204263013662,0.08440000000000314,0.7610680553803842,0.07263408491282144,0.08875194461961572,0.01611785970679427,0.84982,2.005174951255322,2014-08-14 00:00:00,2014-06-26 00:00:00
T1A,46.83047131896241,53.16952868103758,0.0020268299163899908,30.665810876979627,3.272204035307479,13.789645087712895,17.061849123020373,64.25165381453779,6.855990918698882,28.892355266763328,47.72766,53.0,5.721805271499835,38.21921778690931,10.559142941003781,51.221639272086904,20.71029088511888,33.47786911488112,27.756063843381288,54.18816,-14.29018,-170.6814,67.85,72.977,1.781,7.602,5.821000000000001,5.1270000000000095,Aug_Sept_2014,T1A,169.418,8.642052144748332,50.4103302744551,8.824939395300708,40.76473033024418,10.948000000000011,51.37610146391917,8.994009349223758,50.53971853608082,41.54570918685706,101.91582,1.8056481044256572,2014-10-06 00:00:00,2014-08-14 00:00:00
T1B,,,0.0020268299163899908,,,,,,,,,53.0,,,,,,,,,-14.28941,-170.6796,,,,,,,Aug_Sept_2014,T1B,169.418,8.642052144748332,,,,,,,,,,1.8056481044256572,2014-10-06 00:00:00,2014-08-14 00:00:00
T1C,0.24283305227656904,99.75716694772343,0.0020268299163899908,0.20603513124992667,0.07680062500000129,0.052294243750072036,0.1290948687500733,61.47916666664479,22.91666666666705,15.604166666688162,0.33513,53.0,10.61388794262666,60.26878828626914,7.709547288211589,32.02166442551927,82.97324620947245,54.69875379052755,44.084865847900886,137.672,-14.28833,-170.6779,66.135,66.171,1.729,16.518,14.789000000000001,0.036000000000001364,Aug_Sept_2014,T1C,169.418,8.642052144748332,60.271727485034305,7.746475200361635,31.981797314604062,14.825000000000003,83.17928130351702,10.690688100180841,54.82784869648298,44.13716059630214,138.00713,1.8056481044256572,2014-10-06 00:00:00,2014-08-14 00:00:00
T2A,6.227286121206172,93.77271387879384,0.0020268299163899908,1.9130931354391694,1.3892973777585715,2.599569486802259,3.9888668645608307,32.41453916053598,23.539593249675896,44.045867589788124,5.90196,53.0,10.612818102131783,23.051450777845414,11.94144742559875,65.00710179655583,20.486700261400777,68.38709973859923,57.77428163646744,88.8738,-14.29177,-170.6822,70.003,70.637,1.747,11.294,9.547,0.6340000000000003,Aug_Sept_2014,T2A,169.418,8.642052144748332,23.634517081216973,12.66369715081876,63.701785767964274,10.181000000000001,22.399793186053206,12.002115218786825,72.3759668139468,60.37385159515998,94.77576,1.8056481044256572,2014-10-06 00:00:00,2014-08-14 00:00:00
T2B,0.00416649306278905,99.9958335069372,0.0020268299163899908,0.0,0.0,0.0,0.0,0.0,0.0,0.0,9e-05,53.0,0.0,0.0,0.0,0.0,0.0,0.0,0.0,2.23418,-14.29142,-170.6793,1e-05,1e-05,1.736,1.976,0.24,1e-05,Aug_Sept_2014,T2B,169.418,8.642052144748332,0.0,0.0,0.0,0.24001,0.0,0.0,0.0,0.0,2.23427,1.8056481044256572,2014-10-06 00:00:00,2014-08-14 00:00:00
T2C,28.70732246884448,71.29267753115552,0.0020268299163899908,26.217540547256885,2.29540429017158,7.727305162571538,10.022709452743118,72.34370774830991,6.3338533541340905,21.322438897555998,36.24025,53.0,8.213995515995432,55.87476866132013,9.126641403014029,34.99858993566584,50.28740354472545,39.712796455274564,31.498800939279132,90.0002,-14.29033,-170.6767,69.094,72.987,1.677,11.345,9.668000000000001,3.8930000000000007,Aug_Sept_2014,T2C,169.418,8.642052144748332,60.60256011221986,8.324906731950716,31.072533155829426,13.561000000000002,76.50494459718686,10.509399720494878,49.73550540281314,39.22610568231826,126.24045,1.8056481044256572,2014-10-06 00:00:00,2014-08-14 00:00:00
T3A,37.91934332619558,62.08065667380443,0.0020268299163899908,14.567460402241558,1.3407053836574434,3.8736342141009983,5.214339597758442,73.64072229140704,6.777469106236254,19.581808602356702,19.7818,53.0,2.7241076090270315,64.79898370946061,8.411298759527662,26.789717531011725,20.985986781198672,11.400303218801328,8.676195609774297,32.38629,-14.29273,-170.6794,112.001,114.126,1.693,5.172,3.4789999999999996,2.125,Aug_Sept_2014,T3A,169.418,8.642052144748332,68.15171291835358,7.791761283930903,24.056525797715523,5.603999999999999,35.55344693178832,4.0648130391862285,16.61464306821168,12.549830029025452,52.16809,1.8056481044256572,2014-10-06 00:00:00,2014-08-14 00:00:00
T3B,74.0815775256618,25.9184224743382,0.0020268299163899908,38.48937248937007,3.0860679501115227,9.484869560518412,12.570937510629935,75.38021702055876,6.043966341198325,18.575816638242916,51.06031,53.0,1.4535970864800416,65.7502129350976,8.136959854636311,26.112827210266097,11.74570351400265,6.11842648599735,4.664829399517309,17.86413,-14.29384,-170.6773,112.918,118.403,1.774,3.693,1.919,5.484999999999999,Aug_Sept_2014,T3B,169.418,8.642052144748332,72.8842718773929,6.586437242371677,20.52929088023542,7.404,50.23507623957055,4.539664985256121,18.689363760429455,14.149698775173333,68.92444,1.8056481044256572,2014-10-06 00:00:00,2014-08-14 00:00:00
T3C,34.330192544039164,65.66980745596084,0.0020268299163899908,4.771553133113872,0.8659634807149513,2.1634933861711763,3.0294568668861275,61.165837925010635,11.100658513640559,27.733503561348805,7.80101,53.0,1.842182336503756,54.81056083961984,12.345031157756537,32.844408002623624,8.179084017067934,6.743375982932064,4.901193646428308,14.92246,-14.29337,-170.6754,70.108,70.946,1.739,3.342,1.603,0.8379999999999939,Aug_Sept_2014,T3C,169.418,8.642052144748332,56.9923396997417,11.91783563306617,31.08982466719213,2.4409999999999936,12.950637213968895,2.708145804729101,9.772832786031104,7.064686981302003,22.72347,1.8056481044256572,2014-10-06 00:00:00,2014-08-14 00:00:00
T1A,39.99094202898558,60.009057971014414,0.0020268299163899908,12.481314565629862,1.4239492896513086,10.989346144718827,12.413295434370134,50.13661417322811,5.719910011248655,44.14347581552323,24.89461,35.0,4.437443517337211,26.170748019343556,11.878794114620945,61.95045786603549,9.77634724718078,27.579662752819214,23.142219235482003,37.35601,-14.29018,-170.6814,67.875,69.641,1.741,4.391,2.65,1.7660000000000053,Oct_2014,T1A,203.2,5.8892132300347555,35.754923659687805,9.415798343208923,54.82927799710326,4.416000000000006,22.257661658682345,5.861392846597282,39.992958341317646,34.13156549472036,62.25062,1.681886530860707,2014-11-10 00:00:00,2014-10-06 00:00:00
T1B,64.89012278094943,35.10987721905058,0.0020268299163899908,128.17122583709167,12.943520384219191,92.81847377868915,105.76199416290834,54.78966426277194,5.5329980001212276,39.67733773710683,233.93322,35.0,12.336311059644046,38.04205266992809,9.746365497380413,52.21158183269149,48.15113851514509,78.4223114848549,66.08600042521086,126.57345,-14.28941,-170.6796,111.997,128.592,1.704,10.683,8.979,16.595000000000013,Oct_2014,T1B,203.2,5.8892132300347555,48.90959839540099,7.012306155196313,44.07809544940271,25.574000000000012,176.32236937659337,25.279832111533878,184.1843106234067,158.9044785118728,360.50668,1.681886530860707,2014-11-10 00:00:00,2014-10-06 00:00:00
T1C,33.3146696528555,66.6853303471445,0.0020268299163899908,24.06238700166707,2.3008231473124137,15.574199851020513,17.875022998332927,57.376902869459684,5.486326283173934,37.13677084736638,41.93741,35.0,7.518934648660868,43.286224432139136,8.956944287490114,47.75683128037075,36.33675528685494,47.60855471314506,40.089620064484194,83.94531,-14.28833,-170.6779,66.126,69.101,1.754,7.709,5.955,2.9749999999999943,Oct_2014,T1C,203.2,5.8892132300347555,47.98048740537862,7.800719364439652,44.21879323018173,8.929999999999994,60.39914261514803,9.819757715523346,65.48357738485197,55.663819669328625,125.88272,1.681886530860707,2014-11-10 00:00:00,2014-10-06 00:00:00
T2A,30.149253731343094,69.8507462686569,0.0020268299163899908,2.6606641019601205,1.6121914171725755,4.269684480867304,5.88187589803988,31.146053772766884,18.872506504769955,49.98143972246315,8.54254,35.0,2.4938473608142346,15.780254452926371,12.600508905852342,71.61923664122129,3.123171152407157,16.668468847592845,14.17462148677861,19.79164,-14.29177,-170.6822,70.001,70.607,1.81,3.214,1.404,0.6059999999999945,Oct_2014,T2A,203.2,5.8892132300347555,20.41292827771408,14.491469375973761,65.09560234631216,2.0099999999999945,5.783835841478407,4.106039017633282,22.550344158521593,18.44430514088831,28.33418,1.681886530860707,2014-11-10 00:00:00,2014-10-06 00:00:00
T2B,0.15600624024961038,99.84399375975038,0.0020268299163899908,0.0,0.0,0.0,0.0,0.0,0.0,0.0,0.00141,35.0,0.0,0.0,0.0,0.0,0.0,0.0,0.0,0.90218,-14.29142,-170.6793,114.664,114.641,1.737,1.801,0.06399999999999983,0.0001,Oct_2014,T2B,203.2,5.8892132300347555,0.0,0.0,0.0,0.06409999999999984,0.0,0.0,0.0,0.0,0.90359,1.681886530860707,2014-11-10 00:00:00,2014-10-06 00:00:00
T2C,21.985111662531047,78.01488833746897,0.0020268299163899908,17.626220693423164,1.9834295861405231,11.614339720436313,13.597769306576836,56.4508914249049,6.3522617901828795,37.19684678491222,31.22399,35.0,9.690322739157866,46.79175908394196,8.745829952213498,44.46241096384454,51.84496491857365,58.95438508142635,49.26406234226849,110.79935,-14.29033,-170.6767,69.096,71.311,1.719,9.579,7.86,2.2150000000000034,Oct_2014,T2C,203.2,5.8892132300347555,48.915330114734324,8.219601319072277,42.865068566193415,10.075000000000003,69.4711807094385,11.67375150607037,72.5521492905615,60.878397784491135,142.02333,1.681886530860707,2014-11-10 00:00:00,2014-10-06 00:00:00
T3A,48.638268156424594,51.3617318435754,0.0020268299163899908,10.679838560927962,1.3837572636600197,7.572984175412016,8.956741439072037,54.38746747614892,7.0468343451864826,38.5656981786646,19.63658,35.0,1.730971129585194,39.10438806993489,8.347617415152571,52.54799451491254,8.108728925008576,12.627381074991424,10.89640994540623,20.73611,-14.29273,-170.6794,112.929,114.322,1.796,3.267,1.4709999999999999,1.3930000000000007,Oct_2014,T3A,203.2,5.8892132300347555,46.53781321408857,7.714939057449092,45.747247728462334,2.8640000000000008,18.788567061703016,3.1147284293528434,21.584122938296986,18.46939450894414,40.37269,1.681886530860707,2014-11-10 00:00:00,2014-10-06 00:00:00
T3B,69.90549320732431,30.094506792675684,0.0020268299163899908,20.3865144557427,1.4515205388185353,11.528635005438764,12.980155544257299,61.098438818565654,4.350210970464045,34.5513502109703,33.36667,35.0,1.1517145657016308,37.98981864460563,8.01781737193814,53.99236398345623,5.457024705313189,8.90741529468681,7.75570072898518,14.36444,-14.29384,-170.6773,112.92,115.287,1.811,2.83,1.0190000000000001,2.3670000000000044,Oct_2014,T3B,203.2,5.8892132300347555,54.14401355061963,5.453959028084275,40.40202742129609,3.3860000000000046,25.843544080662515,2.6032357284457386,21.88757591933748,19.28434019089174,47.73112,1.681886530860707,2014-11-10 00:00:00,2014-10-06 00:00:00
T3C,26.249703861644235,73.75029613835578,0.0020268299163899908,8.333890691535887,1.2483329619885801,6.0368163464755344,7.285149308464114,53.35725301642025,7.99237956999009,38.650367413589656,15.61904,35.0,4.642456192800949,42.42279685560638,10.57923045097218,46.997972693421445,18.616285644873923,25.26645435512608,20.62399816232513,43.88274,-14.29337,-170.6754,70.11,71.218,1.799,4.912,3.113,1.108000000000004,Oct_2014,T3C,203.2,5.8892132300347555,45.293059216701344,9.900189755372047,44.80675102792663,4.221000000000004,26.95018097969728,5.89079011784299,32.551609020302735,26.660818902459745,59.50179,1.681886530860707,2014-11-10 00:00:00,2014-10-06 00:00:00
T1A,86.92893401015232,13.071065989847682,0.0020268299163899908,15.77412485010973,5.192071217569627,21.279573932320645,26.47164514989027,37.33894505913783,12.290156428843945,50.37089851201823,42.24577,24.0,0.8317491142489858,18.940949935815095,13.093709884466456,67.96534017971845,1.2031821745827953,5.149097825417205,4.317348711168219,6.35228,-14.29018,-170.6814,67.875,69.93,1.718,2.027,0.30900000000000016,2.055000000000007,Nov_2014,T1A,270.764,10.973070131246661,34.93413097575936,12.395189431292065,52.67067959294859,2.364000000000007,16.977309932078118,6.023821596932976,31.620750067921886,25.59692847098891,48.59806,1.1844499737024308,2014-12-04 00:00:00,2014-11-10 00:00:00
T1B,66.2987317989666,33.7012682010334,0.0020268299163899908,30.606826191131642,4.0888748388701295,23.338278969998232,27.42715380886836,52.73949191685912,7.045656422099827,40.21485166104105,58.03398,24.0,2.531002241487725,30.121193064414793,8.5796424400323,61.2991644955529,8.885779063076122,20.61431093692388,18.083308695436152,29.50009,-14.28941,-170.6796,111.997,114.82,1.766,3.201,1.435,2.8229999999999933,Nov_2014,T1B,270.764,10.973070131246661,45.1168383580856,7.5626291641696035,47.3205324777448,4.257999999999994,39.4926048701535,6.619877106404635,48.0414651298465,41.42158802344186,87.53407,1.1844499737024308,2014-12-04 00:00:00,2014-11-10 00:00:00
T1C,26.012624934244943,73.98737506575506,0.0020268299163899908,9.661433453882323,1.393786557008581,9.276199989109097,10.669986546117677,47.51971802206793,6.8553330608908825,45.62494891704119,20.33142,24.0,5.055336414791024,40.61000803858522,8.741961414791044,50.64803054662374,23.484117888585214,34.344282111414785,29.288945696623763,57.8284,-14.28833,-170.6779,66.126,67.115,1.806,4.619,2.8129999999999997,0.9889999999999901,Nov_2014,T1C,270.764,10.973070131246661,42.407404980632656,8.251199857187876,49.341395162179474,3.80199999999999,33.14555139953352,6.4491229562183,45.01426860046648,38.56514564424818,78.15982,1.1844499737024308,2014-12-04 00:00:00,2014-11-10 00:00:00
T2A,36.41602634467615,63.583973655323845,0.0020268299163899908,8.873257298894822,5.490664925440919,12.915947775664256,18.406612701105175,32.52675800469292,20.127166754976912,47.346075240330165,27.27987,24.0,6.824669119286522,15.602055159711115,14.327953080316053,70.06999175997284,7.4315475105908595,40.20030248940914,33.37563337012262,47.63185,-14.29177,-170.6822,70.001,71.328,1.81,4.127,2.3169999999999997,1.3269999999999982,Nov_2014,T2A,270.764,10.973070131246661,21.765359406497844,16.43979625986461,61.79484433363754,3.643999999999998,16.304807272125267,12.315335786739876,58.60692272787473,46.29158694113485,74.91173,1.1844499737024308,2014-12-04 00:00:00,2014-11-10 00:00:00
T2B,50.0,50.0,0.0020268299163899908,0.0,0.0,0.0,0.0,0.0,0.0,0.0,0.00021,24.0,0.0,0.0,0.0,0.0,0.0,0.0,0.0,0.00021,-14.29142,-170.6793,No Sed,No Sed,No Sed,No Sed,1e-05,1e-05,Nov_2014,T2B,270.764,10.973070131246661,0.0,0.0,0.0,2e-05,0.0,0.0,0.0,0.0,0.00041,1.1844499737024308,2014-12-04 00:00:00,2014-11-10 00:00:00
T2C,18.586924655526246,81.41307534447375,0.0020268299163899908,6.5714644653333805,1.0808260000000376,5.3811995346665835,6.462025534666621,50.41983739837434,8.292682926829556,41.2874796747961,13.03349,24.0,4.8950284240222635,41.945757640521286,8.574481726864779,49.47976063261393,23.946132542821005,33.142197457178995,28.24716903315673,57.08833,-14.29033,-170.6767,69.096,69.73,1.757,4.534,2.777,0.6340000000000003,Nov_2014,T2C,270.764,10.973070131246661,43.52082846036263,8.522103996222054,47.957067543415306,3.4110000000000005,30.517596995484254,5.975854424443635,39.60422300451573,33.6283685800721,70.12182,1.1844499737024308,2014-12-04 00:00:00,2014-11-10 00:00:00
T3A,25.862068965517953,74.13793103448205,0.0020268299163899908,0.9200830695876918,0.2861103092783177,0.6439866211339904,0.9300969304123081,49.72938144330237,15.463917525771425,34.806701030926206,1.85018,24.0,0.5181709699929975,30.889741800419873,9.769713886949999,59.34054431263013,1.6383455704815695,3.6655044295184305,3.147333459525433,5.30385,-14.29273,-170.6794,112.929,113.019,1.797,2.055,0.25800000000000023,0.09000000000000341,Nov_2014,T3A,270.764,10.973070131246661,35.76206239771721,11.24235275905903,52.99558484322377,0.34800000000000364,2.558428672551408,0.8042812890889107,4.595601327448592,3.7913200383596815,7.15403,1.1844499737024308,2014-12-04 00:00:00,2014-11-10 00:00:00
T3B,0.0,100.0,0.0020268299163899908,0.0,0.0,0.0,0.0,38.395694515632385,9.584828293183405,52.01947719118421,0.0,24.0,0.8861335365854086,36.73051754907611,9.309934562760711,53.95954788816318,3.496065756097388,6.022084243902613,5.135950707317204,9.51815,-14.29384,-170.6773,112.92,112.92,1.74,2.203,0.46299999999999986,0.0,Nov_2014,T3B,270.764,10.973070131246661,36.73051754907611,9.309934562760711,53.95954788816318,0.46299999999999986,3.496065756097388,0.8861335365854086,6.022084243902613,5.135950707317204,9.51815,1.1844499737024308,2014-12-04 00:00:00,2014-11-10 00:00:00
T3C,0.0,100.0,0.0020268299163899908,0.0,0.0,0.0,0.0,32.07270233196479,15.500685871054474,52.42661179698074,0.0,24.0,0.37364509466438856,37.11703958691614,10.32702237521561,52.555938037868245,1.3429427444060889,2.2751872555939108,1.9015421609295222,3.61813,-14.29337,-170.6754,70.11,70.11,1.75,1.926,0.17599999999999993,0.0,Nov_2014,T3C,270.764,10.973070131246661,37.11703958691614,10.32702237521561,52.555938037868245,0.17599999999999993,1.3429427444060889,0.37364509466438856,2.2751872555939108,1.9015421609295222,3.61813,1.1844499737024308,2014-12-04 00:00:00,2014-11-10 00:00:00
T1A,92.565965583174,7.4340344168260035,0.0020268299163899908,146.4664102041117,10.534309823185302,29.605339972703,40.1396497958883,78.48963222529413,5.645213142159103,15.865154632546766,186.60606,32.0,2.3153118659058496,36.07389443651924,15.449358059914415,48.476747503566344,5.406199760171181,9.580260239828817,7.2649483739229685,14.98646,-14.29018,-170.6814,67.849,79.952,1.734,2.706,0.972,12.103,Dec_2014,T1A,979.4240000000001,31.186461482958006,75.33643167992594,6.374056649620531,18.289511670453535,13.075,151.87261110164104,12.8496214261976,49.71990889835898,36.87028747216138,201.59252,1.7339014705232898,2015-01-05 00:00:00,2014-12-04 00:00:00
T1B,69.74249858873594,30.25750141126406,0.0020268299163899908,196.2949540567531,12.95066815810192,38.385537785144955,51.336205943246874,79.26908473745918,5.229821706647063,15.501093555893757,247.63116,32.0,10.721811841324875,53.324649847164636,9.979926091518772,36.695424061316594,57.28868700257319,50.145092997426815,39.423281156101936,107.43378,-14.28941,-170.6796,112.002,128.063,1.76,8.728,6.968,16.061,Dec_2014,T1B,979.4240000000001,31.186461482958006,71.41894698438382,6.667084607936136,21.913968407680038,23.029,253.58364125873422,23.672479962917674,101.48129874126576,77.80881877834808,355.06494,1.7339014705232898,2015-01-05 00:00:00,2014-12-04 00:00:00
T1C,31.846635367762126,68.15336463223787,0.0020268299163899908,35.51575557166975,2.700012767961919,5.710581660368333,8.410594428330253,80.8529631341319,6.146681360873187,13.000355504994914,43.92635,32.0,8.39459427213204,63.65768733580765,8.92998623910589,27.41232642508646,59.8411288862017,34.163431113798296,25.768836841666253,94.00456,-14.28833,-170.6779,66.128,68.977,1.798,7.895,6.097,2.849,Dec_2014,T1C,979.4240000000001,31.186461482958006,69.13380411978102,8.043597283361986,22.82259859685699,8.946000000000002,95.35688514003147,11.094606929676468,42.57402485996855,31.479417930292083,137.93091,1.7339014705232898,2015-01-05 00:00:00,2014-12-04 00:00:00
T2A,43.70284387695879,56.297156123041205,0.0020268299163899908,20.912510396460156,5.945043137570422,7.972086465969419,13.917129603539841,60.04228121927232,17.06891928130874,22.88879949941894,34.82964,32.0,6.730664482214382,17.407834567601686,15.001416373275022,67.5907490591233,7.810348764477454,37.05651123552255,30.32584675330817,44.86686,-14.29177,-170.6822,70.003,72.262,1.771,4.681,2.91,2.259,Dec_2014,T2A,979.4240000000001,31.186461482958006,36.040300225586584,15.90497394132458,48.05472583308883,5.1690000000000005,28.722857869284613,12.675707557147744,50.97364213071538,38.29793457356764,79.6965,1.7339014705232898,2015-01-05 00:00:00,2014-12-04 00:00:00
T2B,50.0,50.0,0.0020268299163899908,0.0,0.0,0.0,0.0,0.0,0.0,0.0,0.00015,32.0,0.0,0.0,0.0,0.0,0.0,0.0,0.0,0.00015,-14.29142,-170.6793,1e-05,1e-05,1e-05,1e-05,1e-05,1e-05,Dec_2014,T2B,979.4240000000001,31.186461482958006,0.0,0.0,0.0,2e-05,0.0,0.0,0.0,0.0,0.00031,1.7339014705232898,2015-01-05 00:00:00,2014-12-04 00:00:00
T2C,28.245039140724558,71.75496085927544,0.0020268299163899908,39.6886701960133,3.1087853283173814,5.045114475669325,8.153899803986707,82.95681063122925,6.497948016415885,10.54524135235487,47.84257,32.0,10.775372948388402,67.63166567793809,8.865598839891923,23.50273548216999,82.20047330828544,39.34092669171456,28.565553743326156,121.5414,-14.29033,-170.6767,69.098,72.201,1.684,9.567,7.883,3.103,Dec_2014,T2C,979.4240000000001,31.186461482958006,71.96025886836796,8.19685493808543,19.842886193546622,10.986,121.88914329351871,13.884158309270145,47.49482670648129,33.61066839721115,169.38397,1.7339014705232898,2015-01-05 00:00:00,2014-12-04 00:00:00
T3A,36.13127169454087,63.86872830545913,0.0020268299163899908,15.146126362204823,1.1831331603435846,1.3245404774515925,2.507673637795177,85.79527559055174,6.701861130994939,7.502863278453321,17.6538,32.0,2.7049267437401414,78.87567536164559,8.667867309591411,12.456457328762998,24.614235093353958,6.59213490664604,3.887208162905898,31.20637,-14.29273,-170.6794,112.934,114.079,1.787,3.811,2.024,1.145,Dec_2014,T3A,979.4240000000001,31.186461482958006,81.37581492052774,7.957524275671259,10.666660803800996,3.169,39.76036150905522,3.8880598888842455,9.099808490944778,5.211748602060533,48.86017,1.7339014705232898,2015-01-05 00:00:00,2014-12-04 00:00:00
T3B,43.73401534526854,56.26598465473146,0.0020268299163899908,20.47388441528948,1.5301381328199894,1.7245374518905343,3.2546755847105238,86.28372061047732,6.448508180943088,7.267771208579594,23.72856,32.0,2.7073569715195367,78.93266112388709,8.86844743204195,12.198891444070963,24.09653910810191,6.431430891898087,3.72407392037855,30.52797,-14.29384,-170.6773,112.919,114.458,1.733,3.713,1.98,1.539,Dec_2014,T3B,979.4240000000001,31.186461482958006,82.14757460779228,7.810110828620198,10.042314563587524,3.519,44.5704234613492,4.237495124763567,9.686106538650801,5.4486114138872335,54.25653,1.7339014705232898,2015-01-05 00:00:00,2014-12-04 00:00:00
T3C,30.105017502917153,69.89498249708285,0.0020268299163899908,3.4234230295623376,0.27055009427603743,0.2839168761616247,0.5544669704376621,86.06127946128068,6.801346801345372,7.137373737373951,3.97789,32.0,0.8809111490746218,71.37319503762473,9.53833638397378,19.088468578401496,6.591657153060825,2.6438228469391767,1.7629116978645547,9.23548,-14.29337,-170.6754,70.114,70.372,1.699,2.298,0.599,0.258,Dec_2014,T3C,979.4240000000001,31.186461482958006,75.7950454242096,8.714365191070478,15.490589384719925,0.857,10.015079793568884,1.1514613158473492,3.198290206431116,2.046828890583767,13.21337,1.7339014705232898,2015-01-05 00:00:00,2014-12-04 00:00:00
T1A,84.85070079219987,15.149299207800123,0.0020268299163899908,40.678170769097555,5.749108990615724,60.913990240286715,66.66309923090245,37.8961146715495,5.355916685740465,56.747968642710035,107.34127,32.0,2.745726416567611,19.786878288915776,14.326939399083166,65.88618231200107,3.792111692938473,15.372668307061527,12.626941890493917,19.16478,-14.29018,-170.6814,67.872,74.834,1.693,2.936,1.243,6.962,Jan_2015,T1A,919.7339999999999,51.571332363452456,35.152692267696516,6.71496375858446,58.13234397371902,8.205,44.47028245651829,8.494835409916737,82.0357675434817,73.54093213356497,126.50605,0.9047979595294844,2015-02-06 00:00:00,2015-01-05 00:00:00
T1B,75.56770785058856,24.432292149411435,0.0020268299163899908,44.26518083408028,7.899254521900982,73.53987464401875,81.43912916591974,35.213733589628134,6.283996564557716,58.50226984581415,125.70431,32.0,4.387610158874846,33.62087077310421,10.795676520380239,55.58345270651556,13.664291800130254,26.97799819986975,22.590388040994902,40.64229,-14.28941,-170.6796,112.03,120.183,1.682,4.318,2.636,8.153,Jan_2015,T1B,919.7339999999999,51.571332363452456,34.82456069275567,7.386303392210712,57.789135915033626,10.789000000000001,57.92946919487943,12.286863819996846,108.41712080512056,96.13025698512372,166.34659,0.9047979595294844,2015-02-06 00:00:00,2015-01-05 00:00:00
T1C,42.15126050420168,57.84873949579832,0.0020268299163899908,5.658527505420509,1.3182176847887348,12.357634809790756,13.675852494579491,29.26666128120224,6.817998222796567,63.9153404960012,19.33438,32.0,2.35017911281975,31.75247671151851,8.857016117107776,59.39050717137371,8.425411736980617,18.10924826301938,15.759069150199633,26.53466,-14.28833,-170.6779,66.147,67.401,1.753,3.474,1.721,1.254,Jan_2015,T1C,919.7339999999999,51.571332363452456,30.704674173832256,7.9975443727493705,61.29778145341838,2.975,14.083939278664786,3.6683968273541576,31.785100721335215,28.116703893981057,45.86904,0.9047979595294844,2015-02-06 00:00:00,2015-01-05 00:00:00
T2A,53.01015050752537,46.98984949247462,0.0020268299163899908,15.807964989135463,17.58098198160065,60.014303029263885,77.59528501086453,16.924427136245757,18.822666215148455,64.25290664860579,93.40325,32.0,12.719734277211717,11.410177773157326,15.362823578334483,73.22699864850819,9.447119443263361,73.34843055673663,60.62869627952492,82.79555,-14.29177,-170.6822,70.015,76.073,1.723,7.093,5.37,6.058,Jan_2015,T2A,919.7339999999999,51.571332363452456,14.33328965989076,17.196891367433103,68.46981897267611,11.428,25.2550843812516,30.30071622672072,150.94371561874834,120.64299939202763,176.1988,0.9047979595294844,2015-02-06 00:00:00,2015-01-05 00:00:00
T2B,90.9090909090909,9.090909090909092,0.0020268299163899908,0.0,0.0,0.0,0.0,0.0,0.0,0.0,0.01542,32.0,0.0,0.0,0.0,0.0,0.0,0.0,0.0,0.00154,-14.29142,-170.6793,114.637,114.638,1.767,1.75,0.0001,0.001,Jan_2015,T2B,919.7339999999999,51.571332363452456,0.0,0.0,0.0,0.0011,0.0,0.0,0.0,0.0,0.01696,0.9047979595294844,2015-02-06 00:00:00,2015-01-05 00:00:00
T2C,44.33391003460208,55.66608996539792,0.0020268299163899908,11.133131880993933,2.2778577534791737,18.196250365526897,20.474108119006072,35.22335984095395,7.206759443340113,57.56988071570594,31.60724,32.0,3.588332721269735,39.15318827320086,9.041727992362452,51.805083734436685,15.538475249580278,24.14788475041972,20.559552029149987,39.68636,-14.29033,-170.6767,69.109,71.159,1.781,4.355,2.574,2.05,Jan_2015,T2C,919.7339999999999,51.571332363452456,37.4109416715343,8.228214686675646,54.360843641790055,4.624,26.67160711153698,5.8661904658597885,44.62199288846302,38.75580242260323,71.2936,0.9047979595294844,2015-02-06 00:00:00,2015-01-05 00:00:00
T3A,42.1105527638191,57.8894472361809,0.0020268299163899908,2.1377711416893224,0.4692839079044368,3.8531549504062412,4.322438858310678,33.091356808669104,7.264220635311186,59.64442255601971,6.46021,32.0,0.933259742873114,25.54648779578891,10.508664058133041,63.94484814607805,2.268747816061099,6.612112183938901,5.6788524410657875,8.88086,-14.29273,-170.6794,112.936,113.355,1.745,2.321,0.576,0.419,Jan_2015,T3A,919.7339999999999,51.571332363452456,28.72367384241886,9.142410998673386,62.133915158907755,0.9949999999999999,4.406521783104552,1.4025445852352831,10.934558216895448,9.532013631660165,15.34108,0.9047979595294844,2015-02-06 00:00:00,2015-01-05 00:00:00
T3B,53.52651722252597,46.47348277747403,0.0020268299163899908,4.986241217110493,1.1774186118683259,8.930720171021179,10.108138782889505,33.03375969804983,7.800377437618013,59.165862864332155,15.09438,32.0,1.1052780722891398,31.639499173163376,8.433734939758908,59.92676588707772,4.146495580439423,8.958944419560579,7.853666347271439,13.10544,-14.29384,-170.6773,112.925,113.904,1.748,2.598,0.85,0.979,Jan_2015,T3B,919.7339999999999,51.571332363452456,32.38579827314361,8.094720727295302,59.5194809995611,1.829,9.132740057169432,2.2826974840720387,19.067089942830567,16.78439245875853,28.19983,0.9047979595294844,2015-02-06 00:00:00,2015-01-05 00:00:00
T3C,60.89108910891089,39.1089108910891,0.0020268299163899908,0.6028400283662173,0.1600219210053763,1.1335680506284065,1.2935899716337829,31.788150807897853,8.438061041292128,59.77378815081002,1.89643,32.0,0.1293820940819379,30.312594840670833,10.622154779969287,59.065250379359874,0.369219530197307,0.8488204698026929,0.719438375720755,1.21804,-14.29337,-170.6754,70.112,70.235,1.664,1.743,0.079,0.123,Jan_2015,T3C,919.7339999999999,51.571332363452456,31.21107693952689,9.292236315329236,59.496686745143876,0.202,0.9720596279584831,0.28940391237003443,2.1424103720415166,1.8530064596714824,3.11447,0.9047979595294844,2015-02-06 00:00:00,2015-01-05 00:00:00
T1A,,,0.0020268299163899908,,,,,,,,,33.0,,,,,,,,,-14.29018,-170.6814,,,,,,,Feb_2015,T1A,350.77399999999994,24.159987428583197,,,,,,,,,,1.1058333130831852,2015-03-11 00:00:00,2015-02-06 00:00:00
T1B,62.62698819907645,37.37301180092355,0.0020268299163899908,70.69282697264988,5.590319606001915,14.962493421348197,20.552813027350112,77.47529303608357,6.1266703877598045,16.398036576156624,91.24564,33.0,6.672714131218852,46.58821951292228,12.254448982025155,41.15733150505257,25.367919124571557,29.083440875428444,22.41072674420959,54.45136,-14.28941,-170.6796,112.463,118.566,1.678,5.32,3.642,6.103,Feb_2015,T1B,350.77399999999994,24.159987428583197,65.93186340331256,8.416805804929062,25.65133079175837,9.745,96.0607470227243,12.263033553607494,49.63625297727568,37.37321942366819,145.697,1.1058333130831852,2015-03-11 00:00:00,2015-02-06 00:00:00
T1C,75.24682651622004,24.75317348377997,0.0020268299163899908,11.889162133831839,1.4700984987376051,2.593399367430554,4.063497866168159,74.52777238298717,9.215381627500399,16.256845989512435,15.95266,33.0,0.49918423216448704,66.79161628375668,9.51229343006923,23.69609028617409,3.505077081015726,1.7427029189842735,1.2435186868197865,5.24778,-14.28833,-170.6779,66.397,67.464,1.709,2.06,0.351,1.067,Feb_2015,T1C,350.77399999999994,24.159987428583197,72.61282824276863,9.288876721084081,18.098295036147302,1.418,15.394246345194041,1.9692836648150702,5.8062036548059615,3.836919989990891,21.20045,1.1058333130831852,2015-03-11 00:00:00,2015-02-06 00:00:00
T2A,77.32726520479935,22.672734795200668,0.0020268299163899908,59.10627390692106,19.61843394645629,33.04858214662266,52.66701609307894,52.880499363417734,17.551987551280174,29.567513085302092,111.77329,33.0,4.332299926286334,16.286795419922043,13.219322816846127,70.49388176323183,5.337586771634868,27.434893228365134,23.102593302078798,32.77248,-14.29177,-170.6822,70.291,77.767,1.676,3.868,2.192,7.476,Feb_2015,T2A,350.77399999999994,24.159987428583197,44.58370591656807,16.569653966476757,38.84664011695518,9.668,64.44386101163889,23.95073391217937,80.10190898836113,56.151175076181765,144.54577,1.1058333130831852,2015-03-11 00:00:00,2015-02-06 00:00:00
T2B,9.375,90.625,0.0020268299163899908,0.14378382014051064,0.003466416861818623,-0.012690237002329248,-0.009223820140510625,106.85480093676473,2.5761124121719847,-9.430913348936716,0.13456,33.0,0.15568583011582393,85.01544401543259,11.969111969111493,3.0154440154559143,1.1058213849419363,0.19490861505806364,0.03922278494223971,1.30073,-14.29142,-170.6793,115.11,115.119,1.728,1.815,0.087,0.009,Feb_2015,T2B,350.77399999999994,24.159987428583197,87.06288372680748,11.088518260648414,1.8485980125441053,0.09599999999999999,1.249604863842495,0.15915239374326062,0.1856851361575049,0.026532742414244286,1.43529,1.1058333130831852,2015-03-11 00:00:00,2015-02-06 00:00:00
T2C,24.53438395415473,75.46561604584528,0.0020268299163899908,8.659345372954098,0.7909296678849576,0.791124959160945,1.5820546270459026,84.55235976481826,7.722866677260506,7.724773557921231,10.2414,33.0,2.9139379883250927,72.09059272564022,9.250112258643888,18.65929501571589,22.709726203356645,8.791923796643356,5.877985808318265,31.50165,-14.29033,-170.6767,69.381,70.066,1.746,3.853,2.107,0.685,Feb_2015,T2C,350.77399999999994,24.159987428583197,75.14801049850448,8.875411963784428,15.976577537711112,2.7920000000000003,31.36907159639597,3.7048676537485155,10.373978403604033,6.669110749855517,41.74305,1.1058333130831852,2015-03-11 00:00:00,2015-02-06 00:00:00
T3A,40.65573770491803,59.34426229508196,0.0020268299163899908,2.7715916735353723,0.8344512646464669,0.10179706181816077,0.9362483264646276,74.74949494949546,22.505050505050566,2.7454545454539776,3.70784,33.0,0.7903732773814292,74.87284934955953,14.603441040704574,10.523709609735896,4.0522983016366005,1.3599416983633992,0.56956842098197,5.41224,-14.29273,-170.6794,113.403,113.651,1.66,2.022,0.362,0.248,Feb_2015,T3A,350.77399999999994,24.159987428583197,74.822698708222,17.815898658996055,7.361402632781935,0.61,6.823889980348813,1.6248242104193673,2.2961900196511857,0.6713658092318187,9.12008,1.1058333130831852,2015-03-11 00:00:00,2015-02-06 00:00:00
T3B,42.916666666666664,57.08333333333334,0.0020268299163899908,5.150535938752296,0.74190287334592,0.26735118790178486,1.0092540612477048,83.61544693491653,12.044288414798556,4.34026465028491,6.15979,33.0,0.880269639344267,79.00630517023963,10.744010088272441,10.24968474148793,6.473081390163937,1.7200386098360632,0.839768970491796,8.19312,-14.29384,-170.6773,113.386,113.798,1.706,2.254,0.548,0.412,Feb_2015,T3B,350.77399999999994,24.159987428583197,80.98439517758014,11.302046203406565,7.713558619013302,0.96,11.623617353882416,1.6221725197333612,2.7292926461175835,1.107120126384222,14.35291,1.1058333130831852,2015-03-11 00:00:00,2015-02-06 00:00:00
T3C,65.51724137931035,34.48275862068965,0.0020268299163899908,1.134108948517561,0.16462161725066163,0.12160943423177734,0.286231051482439,79.84770889488158,11.590296495956014,8.561994609162408,1.42034,33.0,0.06541062499985476,99.3124999999811,8.74999999998057,-8.06249999996167,0.7424105937498588,0.005139406250141296,-0.06027121874971346,0.74755,-14.29337,-170.6754,70.398,70.493,1.634,1.684,0.05,0.095,Feb_2015,T3C,350.77399999999994,24.159987428583197,86.55970582767452,10.610883911136895,2.8294102611885896,0.14500000000000002,1.8765192066675729,0.2300322912211456,0.2913707933324269,0.06133850211128131,2.16789,1.1058333130831852,2015-03-11 00:00:00,2015-02-06 00:00:00
T1A,,,0.0020268299163899908,,,,,,,,,30.0,,,,,,,,,-14.29018,-170.6814,,,,,,,Mar_2015,T1A,307.08599999999996,19.969785067291244,,,,,,,,,,1.4253628716193223,2015-04-10 00:00:00,2015-03-11 00:00:00
T1B,65.93050393292418,34.069496067075804,0.0020268299163899908,134.398381925781,14.429799950188418,102.05621812403058,116.486018074219,53.56984408986011,5.751573214671146,40.67858269546874,250.8844,30.0,15.599955327849502,40.84755189972603,12.032902467685009,47.11954563258897,52.956465540963855,76.68769445903615,61.08773913118665,129.64416,-14.28941,-170.6796,2.485,17.74,,,7.883000000000001,15.255,Mar_2015,T1B,307.08599999999996,19.969785067291244,49.23542325250048,7.891590437486785,42.87298631001272,23.138,187.35484711264525,30.029755452866166,193.17371288735472,163.14395743448856,380.52856,1.4253628716193223,2015-04-10 00:00:00,2015-03-11 00:00:00
T1C,29.766711529834005,70.23328847016599,0.0020268299163899908,10.872077144864823,1.6262597297297139,9.325563125405463,10.951822855135177,49.8172972972971,7.45173745173738,42.73096525096552,21.8239,30.0,5.116298250533436,47.899928883470274,9.935995123438099,42.16407599309163,24.664899620278263,26.82766037972174,21.711362129188302,51.49256,-14.28833,-170.6779,2.488,3.815,1.71,4.841,3.131,1.327,Mar_2015,T1C,307.08599999999996,19.969785067291244,48.47066640817826,9.196513308645175,42.33282028317656,4.458,35.53697674888545,6.742558001327517,37.77948325111455,31.036925249787032,73.31646,1.4253628716193223,2015-04-10 00:00:00,2015-03-11 00:00:00
T2A,4.455189086513555,95.54481091348644,0.0020268299163899908,2.041922441136695,1.8583810013531648,4.58585655751014,6.444237558863305,24.061795218764377,21.898962562020568,54.039242219215055,8.48616,30.0,34.74488388486393,14.30616241013738,19.091443117290005,66.60239447257263,26.036059648527292,155.95586035147272,121.21097646660878,181.99192,-14.29177,-170.6822,2.497,3.013,1.639,12.705,11.066,0.516,Mar_2015,T2A,307.08599999999996,19.969785067291244,14.740794298347666,19.216523417193386,66.04268228445895,11.582,28.077981956242105,36.60326484782035,162.40009804375788,125.79683319593754,190.47808,1.4253628716193223,2015-04-10 00:00:00,2015-03-11 00:00:00
T2B,34.34856175972927,65.65143824027074,0.0020268299163899908,4.658560646228225,1.1583771448299702,4.198702208941804,5.357079353771774,46.5128603486969,11.565682720524801,41.921456930778305,10.01564,30.0,2.1482959980215472,42.16641020004413,11.222246647614883,46.611343152340986,8.07199602077383,11.071193979226171,8.922897981204624,19.14319,-14.29142,-170.6793,2.478,3.087,1.678,2.842,1.164,0.609,Mar_2015,T2B,307.08599999999996,19.969785067291244,43.65935331370998,11.340211999223536,45.0004346870665,1.773,12.730560977779392,3.306674272514392,16.428279022220615,13.121604749706224,29.15884,1.4253628716193223,2015-04-10 00:00:00,2015-03-11 00:00:00
T2C,31.381236755923712,68.61876324407629,0.0020268299163899908,,,,,,,,26.79061,30.0,6.395155270227455,45.664639168725934,10.916809225115621,43.418551606158445,26.750715508616917,31.830094491383083,25.434939221155627,58.58081,-14.29033,-170.6767,2.501,4.13,1.668,5.23,3.562,1.629,Mar_2015,T2C,307.08599999999996,19.969785067291244,,,,5.191,,,,,85.37141,1.4253628716193223,2015-04-10 00:00:00,2015-03-11 00:00:00
T3A,46.70912951167728,53.29087048832272,0.0020268299163899908,11.124621577181081,1.6426879984251925,8.941470424393728,10.58415842281892,51.2448031496062,7.566929133858248,41.188267716535556,21.70878,30.0,2.3384996572116084,45.77768868397323,9.441715946677446,44.78059536934932,11.33809891125591,13.42964108874409,11.091141431532481,24.76774,-14.29273,-170.6794,2.487,3.807,1.627,3.133,1.506,1.32,Mar_2015,T3A,307.08599999999996,19.969785067291244,48.33133026027738,8.566019346209881,43.10265039351275,2.826,22.462720374683872,3.981187694645105,24.013799625316135,20.03261193067103,46.47652,1.4253628716193223,2015-04-10 00:00:00,2015-03-11 00:00:00
T3B,4.945249028611799,95.0547509713882,0.0020268299163899908,1.542083477344516,0.01698329820864435,0.7433832244468397,0.760366522655484,66.97576396206284,0.7376185458378837,32.286617492099275,2.30245,30.0,6.544945774648941,39.56514084506158,14.788732394368576,45.64612676056984,17.510067427812988,26.746232572187015,20.201286797538074,44.2563,-14.29384,-170.6773,2.484,2.624,1.667,4.358,2.691,0.14,Mar_2015,T3B,307.08599999999996,19.969785067291244,40.920664418491526,14.093869823264976,44.98546575824351,2.831,19.052149844944424,6.561929616339382,27.50660015505558,20.9446705387162,46.55875,1.4253628716193223,2015-04-10 00:00:00,2015-03-11 00:00:00
T3C,74.29718875502009,25.702811244979923,0.0020268299163899908,2.814299372972984,0.3921751351351216,2.878565491891895,3.2707406270270165,46.24948024948043,6.444906444906222,47.30561330561335,6.08504,30.0,0.24584992700727137,39.76642335766953,11.678832116786996,48.55474452554347,0.8371190014599655,1.2679709985400345,1.022121071532763,2.10509,-14.29337,-170.6754,2.47,2.84,1.683,1.811,0.128,0.37,Mar_2015,T3C,307.08599999999996,19.969785067291244,44.58315237367361,7.790172481052286,47.626675145274106,0.498,3.6514181375019548,0.6380252534224076,4.538711862498046,3.9006866090756382,8.19013,1.4253628716193223,2015-04-10 00:00:00,2015-03-11 00:00:00
